Date(GMT),Caption,Hashtags
"Thu, 11 Jul 2024 08:02:47 GMT","Los productos de GRAF están diseñados con un firme compromiso hacia la sostenibilidad y la protección del medio ambiente. Más del 70% de las materias primas utilizadas en la fabricación de nuestros productos son recicladas. Esta práctica no solo reduce significativamente las emisiones de CO2, sino que también convierte desechos plásticos de corta vida útil en productos duraderos y amigables con el medio ambiente. 🌍🌱

En nuestro centro de competencia en Herbolzheim, transformamos recursos plásticos secundarios en granulados, garantizando que nuestros productos no solo sean sostenibles, sino también de la más alta calidad.

#GRAFIbérica #Sostenibilidad #Reciclaje

----
Os produtos da GRAF são projetados com um firme compromisso com a sustentabilidade e a proteção do meio ambiente. Mais de 70% das matérias-primas utilizadas na fabricação dos nossos produtos são recicladas. Essa prática não só reduz significativamente as emissões de CO2, como também transforma resíduos plásticos de curta vida útil em produtos duráveis e ecologicamente corretos. 🌍🌱

Em nosso centro de competência em Herbolzheim, transformamos recursos plásticos secundários em granulados, garantindo que nossos produtos não sejam apenas sustentáveis, mas também da mais alta qualidade.

#GRAFIbérica #Sustentabilidade #Reciclagem",#GRAFIbérica #Sostenibilidad #Reciclaje #GRAFIbérica #Sustentabilidade #Reciclagem
"Mon, 09 Feb 2026 10:01:24 GMT","Reducir costes y proteger el entorno es posible 🌍.
Los sistemas de infiltración GRAF permiten devolver el agua de lluvia al subsuelo, favoreciendo la recarga de los acuíferos y previniendo inundaciones. Soluciones sostenibles con calidad alemana.
#GestiónDelAgua #GRAFIbérica
----
Reduzir custos e proteger o ambiente é possível 🌍.
Os sistemas de infiltração GRAF permitem devolver a água da chuva ao subsolo, favorecendo a recarga dos aquíferos e prevenindo inundações. Soluções sustentáveis com qualidade alemã.
#GestãoDaÁgua #GRAFIbérica",#GestiónDelAgua #GRAFIbérica #GestãoDaÁgua #GRAFIbérica
"Thu, 05 Feb 2026 16:07:03 GMT","El agua de lluvia es un recurso natural y gratuito 💧
Con los depósitos soterrados GRAF, puedes aprovecharla para regar tu jardín, limpiar o alimentar el WC.
Cuidar del medio ambiente nunca fue tan sencillo.
#GRAFIbérica #AguaDeLluvia
----
A água da chuva é um recurso natural e gratuito 💧
Com os depósitos enterrados GRAF, pode aproveitá-la para regar o jardim, limpar ou abastecer a sanita.
Cuidar do meio ambiente nunca foi tão fácil.
#GRAFIbérica #ÁguaDaChuva",#GRAFIbérica #AguaDeLluvia #GRAFIbérica #ÁguaDaChuva
"Tue, 03 Feb 2026 10:01:29 GMT","Por un planeta más verde 🌿.
Cada producto GRAF está diseñado para proteger el agua, reducir el impacto ambiental y promover la sostenibilidad.
#ForAGreenerPlanet #GRAFIbérica
----
Por um planeta mais verde 🌿.
Cada produto GRAF é projetado para proteger a água, reduzir o impacto ambiental e promover a sustentabilidade.
#ForAGreenerPlanet #GRAFIbérica",#ForAGreenerPlanet #GRAFIbérica #ForAGreenerPlanet #GRAFIbérica
"Fri, 30 Jan 2026 09:01:46 GMT","Llevamos más de 50 años diseñando soluciones para recuperar, tratar e infiltrar el agua.
En GRAF combinamos experiencia, innovación y compromiso ambiental 💼
#GRAFIbérica #expertosagua
----
Há mais de 50 anos que projetamos soluções para recuperar, tratar e infiltrar a água.
Na GRAF combinamos experiência, inovação e compromisso ambiental 💼
#GRAFIbérica #especialistaságua",#GRAFIbérica #expertosagua #GRAFIbérica #especialistaságua
"Wed, 28 Jan 2026 10:01:47 GMT","El cambio climático nos recuerda que el agua es un recurso limitado 🌍.
Con nuestros sistemas de gestión pluvial, contribuimos a mitigar sus efectos: menos escorrentía, más infiltración, más vida.
Actuar hoy es garantizar el agua de mañana.
#CambioClimático #GestiónDelAgua #GRAFIbérica
----
As alterações climáticas lembram-nos que a água é um recurso limitado 🌍.
Com os nossos sistemas de gestão pluvial, contribuímos para mitigar os seus efeitos: menos escoamento, mais infiltração, mais vida.
Agir hoje é garantir a água de amanhã.
#AlteraçõesClimáticas #GestãoDaÁgua #GRAFIbérica",#CambioClimático #GestiónDelAgua #GRAFIbérica #AlteraçõesClimáticas #GestãoDaÁgua #GRAFIbérica
"Thu, 22 Jan 2026 10:01:37 GMT","Innovación alemana al servicio del agua 💧.
En cada depósito GRAF se combinan décadas de experiencia, calidad certificada y compromiso medioambiental.
#Innovación #GRAFIbérica
----
Inovação alemã ao serviço da água 💧.
Em cada depósito GRAF combinam-se décadas de experiência, qualidade certificada e compromisso ambiental.
#Inovação #GRAFIbérica",#Innovación #GRAFIbérica #Inovação #GRAFIbérica
"Tue, 20 Jan 2026 09:01:33 GMT","Desde el jardín de casa hasta proyectos urbanos complejos, GRAF ofrece soluciones completas para la gestión del agua 💧
Experiencia, innovación y resultados.
#GRAFIbérica #solucionesintegrales
----
Desde o jardim de casa até projetos urbanos complexos, a GRAF oferece soluções completas para a gestão da água 💧
Experiência, inovação e resultados.
#GRAFIbérica #soluçõescompletas",#GRAFIbérica #solucionesintegrales #GRAFIbérica #soluçõescompletas
"Fri, 16 Jan 2026 10:01:49 GMT","Una gestión responsable del agua es una inversión en el futuro 💧.
Con los depósitos GRAF, cada hogar y empresa puede contribuir a un uso más racional de los recursos naturales.
#Sostenibilidad #GRAFIbérica
----
Uma gestão responsável da água é um investimento no futuro 💧.
Com os depósitos GRAF, cada casa e empresa pode contribuir para um uso mais racional dos recursos naturais.
#Sustentabilidade #GRAFIbérica",#Sostenibilidad #GRAFIbérica #Sustentabilidade #GRAFIbérica
"Wed, 14 Jan 2026 10:01:30 GMT","Menos excavación, más eficiencia 🚜.
El depósito soterrado Platin se instala con poca profundidad y requiere menos movimiento de tierras. Una solución inteligente que reduce costes y tiempo de instalación.
#Eficiencia #GRAFIbérica
----
Menos escavação, mais eficiência 🚜.
O depósito enterrado Platin é instalado a pouca profundidade e requer menos movimentação de terras. Uma solução inteligente que reduz custos e tempo de instalação.
#Eficiência #GRAFIbérica",#Eficiencia #GRAFIbérica #Eficiência #GRAFIbérica
"Mon, 12 Jan 2026 09:01:23 GMT","La depuradora ecoRock de salida inferior funciona sin energía eléctrica y garantiza un tratamiento eficaz del agua residual gracias a su sistema de dos depósitos con prefiltro. 🌿
Una opción sostenible y de fácil mantenimiento.

#GRAFIbérica #TratamientoDeAguas
---
A depuradora ecoRock de saída inferior funciona sem eletricidade e garante um tratamento eficaz das águas residuais graças ao seu sistema de dois depósitos com pré-filtro. 🌿
Uma opção sustentável e de fácil manutenção.

#GRAFIbérica #TratamentoDeÁguas",#GRAFIbérica #TratamientoDeAguas #GRAFIbérica #TratamentoDeÁguas
"Thu, 08 Jan 2026 09:01:10 GMT","Cada gota de agua que aprovechamos es un paso más hacia la sostenibilidad 🌱
Gracias por acompañarnos un año más en este camino.
#GRAFIbérica #compromisoambiental
----
Cada gota de água que aproveitamos é um passo a mais para a sustentabilidade 🌱
Obrigado por estar connosco mais um ano neste caminho.
#GRAFIbérica #compromissoambiental",#GRAFIbérica #compromisoambiental #GRAFIbérica #compromissoambiental
"Tue, 06 Jan 2026 09:01:31 GMT","Las ciudades del futuro se construyen hoy. Los sistemas GRAF permiten retener, infiltrar y reutilizar el agua de lluvia en espacios urbanos 🏙️
Soluciones adaptadas a cada proyecto.
#GRAFIbérica #SUDS
----
As cidades do futuro constroem-se hoje. Os sistemas GRAF permitem reter, infiltrar e reutilizar a água da chuva em espaços urbanos 🏙️
Soluções adaptadas a cada projeto.
#GRAFIbérica #SUDS",#GRAFIbérica #SUDS #GRAFIbérica #SUDS
"Fri, 02 Jan 2026 09:01:03 GMT","Para parkings, talleres y zonas industriales: nuestros separadores protegen el entorno de contaminantes peligrosos 🛢️
Cumplen normativas europeas y ofrecen máxima seguridad.
#GRAFIbérica #protecciónagua
----
Para parques, oficinas e zonas industriais: os nossos separadores protegem o ambiente de contaminantes perigosos 🛢️
Cumprimento das normas europeias e máxima segurança.
#GRAFIbérica #proteçãoágua",#GRAFIbérica #protecciónagua #GRAFIbérica #proteçãoágua
"Thu, 01 Jan 2026 16:04:23 GMT","Afronta el nuevo año apostando por la sostenibilidad 🌍
En GRAF transformamos envases de un solo uso en depósitos duraderos para la gestión del agua. Así reducimos residuos y cuidamos del planeta.
Por un 2026 más verde. 💧
#GRAFIbérica #Sostenibilidad
----
A GRAF transformamos embalagens de uso único em depósitos duradouros para a gestão da água. Assim reduzimos resíduos e cuidamos do planeta.
Por um 2026 mais verde. 💧
#GRAFIbérica #Sustentabilidade",#GRAFIbérica #Sostenibilidad #GRAFIbérica #Sustentabilidade
"Wed, 31 Dec 2025 09:01:13 GMT","Cerramos el año con nuevos retos y el mismo compromiso: gestionar el agua con soluciones inteligentes y sostenibles 🔄
¡Vamos a por 2026!
#GRAFIbérica #AñoNuevoGRAF
----
Fechamos o ano com novos desafios e o mesmo compromisso: gerir a água com soluções inteligentes e sustentáveis 🔄
Vamos juntos para 2026!
#GRAFIbérica #AnoNovoGRAF",#GRAFIbérica #AñoNuevoGRAF #GRAFIbérica #AnoNovoGRAF
"Mon, 29 Dec 2025 12:52:34 GMT","Alemania ha perdido cerca del 20 % de sus aguas subterráneas desde el año 2000. Sequías más largas y lluvias torrenciales evidencian la necesidad de una gestión inteligente del agua, con soluciones como la recuperación de agua de lluvia y la infiltración en el terreno.
El agua no tiene alternativa: debemos protegerla como un bien común. 💧

👉 https://loom.ly/W-pkkRs

#GRAFIbérica #GestiónDelAgua #Sostenibilidad
----
As alterações climáticas já afetam diretamente os nossos recursos hídricos. 🌍
A Alemanha perdeu cerca de 20 % das suas águas subterrâneas desde o ano 2000. Secas prolongadas e chuvas torrenciais mostram a necessidade de uma gestão inteligente da água, com soluções como a recuperação da água da chuva e a infiltração no solo.
A água não tem alternativa: devemos protegê-la como um bem comum. 💧

#GRAFIbérica #GestãoDaÁgua #Sustentabilidade",#GRAFIbérica #GestiónDelAgua #Sostenibilidad #GRAFIbérica #GestãoDaÁgua #Sustentabilidade
"Thu, 25 Dec 2025 09:02:31 GMT","El cambio climático nos reta a ser más eficientes. Invertir en soluciones de gestión del agua es una decisión estratégica para el nuevo año ♻️
#GRAFIbérica #futuroeficiente
----
As alterações climáticas desafiam-nos a ser mais eficientes. Investir em soluções de gestão da água é uma decisão estratégica para o novo ano ♻️
#GRAFIbérica #futuroeficiente",#GRAFIbérica #futuroeficiente #GRAFIbérica #futuroeficiente
"Tue, 23 Dec 2025 09:01:41 GMT","Estas fiestas, recupera agua, reduce residuos y apuesta por la eficiencia 🎄
Desde GRAF, te deseamos unas fiestas responsables y sostenibles.
#GRAFIbérica #NavidadSostenible
----
Neste Natal, recupere água, reduza resíduos e aposte na eficiência 🎄
Desde a GRAF, desejamos-lhe festas responsáveis e sustentáveis.
#GRAFIbérica #NatalSustentável",#GRAFIbérica #NavidadSostenible #GRAFIbérica #NatalSustentável
"Fri, 19 Dec 2025 12:46:18 GMT","En La Garriga (Barcelona), un nuevo parque temático necesitaba una solución eficaz para la gestión de sus aguas residuales. 🌿

Se instaló una fosa séptica Carat XXL de 26.000 L, un depósito soterrado de gran capacidad y resistencia, apto para el paso de camiones y estable incluso en aguas freáticas.

Una instalación que garantiza el correcto funcionamiento del parque y una gestión sostenible de las aguas residuales. 💧

#GRAFIbérica #TratamientoDeAguas #CaratXXL
---
Em La Garriga (Barcelona), um novo parque temático precisava de uma solução eficaz para a gestão das suas águas residuais. 🌿

Foi instalada uma fossa séptica Carat XXL de 26.000 L, um reservatório enterrado de grande capacidade e resistência, apto para a passagem de camiões e estável mesmo em águas freáticas.

Uma instalação que garante o correto funcionamento do parque e uma gestão sustentável das águas residuais. 💧

#GRAFIbérica #TratamentoDeÁguas #CaratXXL",#GRAFIbérica #TratamientoDeAguas #CaratXXL #GRAFIbérica #TratamentoDeÁguas #CaratXXL
"Wed, 17 Dec 2025 09:01:46 GMT","El invierno también es buen momento para instalar sistemas de aprovechamiento de agua. Los depósitos GRAF están diseñados para resistir temperaturas extremas ❄️
Confianza en todas las estaciones.
#GRAFIbérica #depósitosresistentes
----
O inverno também é uma boa altura para instalar sistemas de aproveitamento de água. Os depósitos GRAF são concebidos para resistir a temperaturas extremas ❄️
Confiança em todas as estações.
#GRAFIbérica #depósitosresistentes",#GRAFIbérica #depósitosresistentes #GRAFIbérica #depósitosresistentes
"Mon, 15 Dec 2025 09:01:38 GMT","Reducir caudal, mejorar calidad del agua, prevenir inundaciones.
El drenaje urbano sostenible (SUDS) es imprescindible en cualquier ciudad moderna 🏙️
#GRAFIbérica #drenajeurbano
----
Reduzir o caudal, melhorar a qualidade da água, prevenir inundações.
A drenagem urbana sustentável (SUDS) é essencial em qualquer cidade moderna 🏙️
#GRAFIbérica #drenagemurbana",#GRAFIbérica #drenajeurbano #GRAFIbérica #drenagemurbana
"Fri, 12 Dec 2025 12:39:12 GMT","@sociasyrossello visitó nuestras instalaciones para una formación técnica de dos días, donde conocieron de primera mano nuestros productos y las últimas novedades en aguas residuales 💧
#GRAFIbérica #FormaciónTécnica
---
@sociasyrossello visitou as nossas instalações para uma formação técnica de dois dias, onde conheceram de perto os nossos produtos e as últimas novidades em águas residuais 💧
#GRAFIbérica #FormaçãoTécnica",#GRAFIbérica #FormaciónTécnica #GRAFIbérica #FormaçãoTécnica
"Thu, 11 Dec 2025 09:01:46 GMT","La marca GRAF es sinónimo de fiabilidad, durabilidad y diseño inteligente. Productos pensados para ofrecer soluciones sostenibles con la máxima eficiencia 🌧️
Fabricados con materiales 100 % reciclados y totalmente reciclables, nuestros sistemas representan una apuesta segura por el futuro 🏗️

#GRAFIbérica #depósitoslluvia #solucionessostenibles
----

A marca GRAF é sinónimo de fiabilidade, durabilidade e design inteligente. Produtos pensados para oferecer soluções sustentáveis com a máxima eficiência 🌧️
Fabricados com materiais 100 % reciclados e totalmente recicláveis, os nossos sistemas representam uma aposta segura para o futuro 🏗️

#GRAFIbérica #depósitoschuva #soluçõessustentáveis",#GRAFIbérica #depósitoslluvia #solucionessostenibles #GRAFIbérica #depósitoschuva #soluçõessustentáveis
"Tue, 09 Dec 2025 09:01:25 GMT","Con presencia en más de 80 países, GRAF es una marca de confianza en la gestión del agua 🌐
Crecemos contigo, desde hace más de 50 años.
#GRAFIbérica #marcaEuropa
----
Presente em mais de 80 países, a GRAF é uma marca de confiança na gestão da água 🌐
Crescemos consigo, há mais de 50 anos.
#GRAFIbérica #marcaEuropa",#GRAFIbérica #marcaEuropa #GRAFIbérica #marcaEuropa
"Fri, 05 Dec 2025 09:01:32 GMT","Los túneles de infiltración GRAF no requieren limpieza ni mantenimiento. Una solución duradera, sostenible y económica 🌍
Simplicidad que funciona.
#GRAFIbérica #infiltracióneficiente
----
Os túneis de infiltração da GRAF não requerem limpeza nem manutenção. Uma solução durável, sustentável e económica 🌍
Simplicidade que funciona.
#GRAFIbérica #infiltraçãosustentável",#GRAFIbérica #infiltracióneficiente #GRAFIbérica #infiltraçãosustentável
"Thu, 04 Dec 2025 09:01:29 GMT","El otoño es ideal para preparar tu sistema de aprovechamiento de agua 🍂 Anticípate al próximo verano.

#GRAFIbérica #instalaciónotoño
----
O outono é ideal para preparar o seu sistema de aproveitamento de água 🍂 Antecipe-se ao próximo verão.

#GRAFIbérica #instalaçãooutono",#GRAFIbérica #instalaciónotoño #GRAFIbérica #instalaçãooutono
"Wed, 03 Dec 2025 07:48:02 GMT","Los depósitos soterrados GRAF permiten aprovechar el agua sin ocupar espacio en superficie 🔽
Funcionalidad, estética y sostenibilidad.
#GRAFIbérica #depósitossoterrados
----
Os depósitos enterrados GRAF permitem aproveitar a água sem ocupar espaço à superfície 🔽
Funcionalidade, estética e sustentabilidade.
#GRAFIbérica #depósitosenterrados",#GRAFIbérica #depósitossoterrados #GRAFIbérica #depósitosenterrados
"Sat, 29 Nov 2025 09:00:56 GMT","GRAF cubre todas las fases del ciclo del agua: recuperación, filtrado, almacenamiento, tratamiento e infiltración 💧
Una solución para cada etapa.

#GRAFIbérica #ciclodagua
----
A GRAF cobre todas as fases do ciclo da água: recolha, filtragem, armazenamento, tratamento e infiltração 💧
Uma solução para cada etapa.

#GRAFIbérica #ciclodagua",#GRAFIbérica #ciclodagua #GRAFIbérica #ciclodagua
"Thu, 27 Nov 2025 09:01:33 GMT","Distribuidores, instaladores y técnicos confían en GRAF por nuestra experiencia, apoyo y productos de calidad 👷
Somos su mejor socio.
#GRAFIbérica #profesionalesagua
----
Distribuidores, instaladores e técnicos confiam na GRAF pela nossa experiência, apoio e produtos de qualidade 👷
Somos o seu melhor parceiro.
#GRAFIbérica #profissionaiságua",#GRAFIbérica #profesionalesagua #GRAFIbérica #profissionaiságua
"Fri, 21 Nov 2025 09:02:06 GMT","Desde estaciones de servicio a centros logísticos: GRAF ofrece depósitos de gran capacidad, fiables y resistentes para entornos exigentes 🏭

#GRAFIbérica #solucionesindustriales
----
Desde estações de serviço a centros logísticos: a GRAF oferece depósitos de grande capacidade, fiáveis e resistentes para ambientes exigentes 🏭

#GRAFIbérica #soluçõesindustriais",#GRAFIbérica #solucionesindustriales #GRAFIbérica #soluçõesindustriais
"Wed, 19 Nov 2025 09:02:06 GMT","Con un depósito soterrado y un buen pack para la recuperación de agua de lluvia, puedes cubrir el 100 % del riego de tu jardín 🌿 Reduce el consumo de agua potable y gana independencia hídrica con una solución sostenible y eficaz.

#GRAFIbérica #riegoeficiente

Com um depósito enterrado e um bom sistema de recuperação da água da chuva, pode cobrir 100 % da rega do seu jardim 🌿 Reduza o consumo de água potável e ganhe independência hídrica com uma solução sustentável e eficaz.

#GRAFIbérica #regaeficiente",#GRAFIbérica #riegoeficiente #GRAFIbérica #regaeficiente
"Mon, 17 Nov 2025 09:01:26 GMT","Cada instalación es diferente. Por eso ofrecemos acompañamiento técnico y planificación a medida 🧠
Confía en nuestros expertos para tu próximo proyecto.
#GRAFIbérica #soporteproyectos
----
Cada instalação é diferente. Por isso oferecemos acompanhamento técnico e planeamento à medida 🧠
Confie nos nossos especialistas para o seu próximo projeto.
#GRAFIbérica #suporteprojetos",#GRAFIbérica #soporteproyectos #GRAFIbérica #suporteprojetos
"Fri, 14 Nov 2025 09:01:46 GMT","El 70 % del plástico que utilizamos es reciclado ♻️
En GRAF fabricamos con responsabilidad, cuidando del agua y del planeta.
Contamos con nuestro propio centro de competencia para el reciclaje, lo que nos permite asegurar una calidad constante y una verdadera economía circular 🌍

#GRAFIbérica #reciclaje #sostenibilidad

70 % do plástico que utilizamos é reciclado ♻️
Na GRAF fabricamos com responsabilidade, cuidando da água e do planeta.
Dispomos do nosso próprio centro de competência para a reciclagem, o que nos permite garantir uma qualidade constante e uma verdadeira economia circular 🌍

#GRAFIbérica #reciclagem #sustentabilidade",#GRAFIbérica #reciclaje #sostenibilidad #GRAFIbérica #reciclagem #sustentabilidade
"Thu, 13 Nov 2025 09:02:23 GMT","🌱 Escarificar el césped en otoño o primavera es una de las mejores formas de revitalizarlo: elimina musgo y paja, mejora la aireación y favorece un crecimiento más denso y sano. Con los cuidados adecuados tras la escarificación, tu césped estará listo para resistir el frío o brotar con fuerza en la nueva temporada. 

#GRAFIbérica #cuidadodelcésped #jardinesaludable

🌱 Escarificar o relvado no outono ou na primavera é das melhores formas de o revitalizar: elimina musgo e palha, melhora a aeração e favorece um crescimento mais denso e saudável. Com os cuidados certos após a escarificação, o teu relvado estará pronto para enfrentar o frio ou crescer com força na nova estação.

#GRAFIbérica #cuidadorelva #jardimsaudável",#GRAFIbérica #cuidadodelcésped #jardinesaludable #GRAFIbérica #cuidadorelva #jardimsaudável
"Tue, 11 Nov 2025 09:02:32 GMT","En una finca en Arahal (Sevilla), el cliente necesitaba instalar una depuradora de 3.000 litros, pero el lugar no disponía de suministro eléctrico. El equipo de GRAF Ibérica propuso la instalación de una depuradora sin electricidad easyCompact, una solución compacta, ligera y de fácil instalación, con bomba impulsora integrada. ⚙️💧

Gracias a esta solución sostenible, el cliente puede tratar sus aguas residuales sin conexión eléctrica, disfrutando de un sistema eficiente, silencioso y con un mantenimiento mínimo. 🌿

👉 https://loom.ly/BQJ9iEs

#TratamientoDeAguasResiduales #GRAFIbérica
----
Numa quinta em Arahal (Sevilha), o cliente precisava instalar uma estação de tratamento de 3.000 litros, mas o local não dispunha de fornecimento elétrico. A equipa da GRAF Ibérica propôs a instalação de uma estação sem eletricidade easyCompact, uma solução compacta, leve e de fácil instalação, com bomba impulsora integrada. ⚙️💧

Graças a esta solução sustentável, o cliente pode tratar as suas águas residuais sem ligação elétrica, beneficiando de um sistema eficiente, silencioso e com manutenção mínima. 🌿

#TratamentoDeÁguasResiduais #GRAFIbérica",#TratamientoDeAguasResiduales #GRAFIbérica #TratamentoDeÁguasResiduais #GRAFIbérica
"Mon, 10 Nov 2025 11:33:43 GMT","✅ La gestión de la compañía sigue procedimientos, está supervisada y bajo control
✅ La información se elabora y se genera siguiendo estándares de calidad
✅ Con Marta, los cierres, informes y análisis son ágiles y puntuales

#GRAFIbérica #GestiónEficiente
----
✅ A gestão da empresa segue procedimentos, é supervisionada e está sob controlo
✅ A informação é elaborada e gerada segundo padrões de qualidade
✅ Com a Marta, os fechos, relatórios e análises são ágeis e pontuais

#GRAFIbérica #GestãoEficiente",#GRAFIbérica #GestiónEficiente #GRAFIbérica #GestãoEficiente
"Fri, 07 Nov 2025 09:01:50 GMT","Nuestros depósitos soterrados están disponibles en múltiples tamaños y modelos. Aptos para jardín, uso doméstico o industrial 🌧️
Soluciones eficientes para cada necesidad.

#GRAFIbérica #depósitoslluvia
----
Os nossos depósitos soterrados estão disponíveis em vários tamanhos e modelos. Adequados para jardim, uso doméstico ou industrial 🌧️
Soluções eficientes para cada necessidade.

#GRAFIbérica #depósitoschuva",#GRAFIbérica #depósitoslluvia #GRAFIbérica #depósitoschuva
"Mon, 03 Nov 2025 09:01:46 GMT","Con la depuradora de superfície oneUp, GRAF ofrece una solución eficiente y moderna para el tratamiento descentralizado de aguas residuales.
Su diseño modular y compacto permite una instalación rápida y un mantenimiento mínimo, adaptándose a todo tipo de proyectos: desde viviendas aisladas hasta pequeñas instalaciones industriales. 💧

#AguaSostenible #GRAFIbérica
----
Com a estação de tratamento superficial oneUp, a GRAF oferece uma solução eficiente e moderna para o tratamento descentralizado de águas residuais.
O seu design modular e compacto permite uma instalação rápida e uma manutenção mínima, adaptando-se a todos os tipos de projetos: desde habitações isoladas até pequenas instalações industriais. 💧

#ÁguaSustentável #GRAFIbérica",#AguaSostenible #GRAFIbérica #ÁguaSustentável #GRAFIbérica
"Thu, 30 Oct 2025 09:01:35 GMT","¿Sabías que las calabazas vaciadas se pueden compostar? 🎃
Reduce residuos orgánicos y alimenta tu jardín con los compostadores GARANTIA.
#GRAFIbérica #HalloweenSostenible
----
Sabia que as abóboras escavadas podem ser compostadas? 🎃
Reduza os resíduos orgânicos e alimente o seu jardim com os compostores GARANTIA.
#GRAFIbérica #HalloweenSustentável",#GRAFIbérica #HalloweenSostenible #GRAFIbérica #HalloweenSustentável
"Tue, 28 Oct 2025 09:02:14 GMT","La gestión del agua no es una moda, es una necesidad. Recuperar, filtrar y almacenar el agua de lluvia es una apuesta segura por el futuro 💧🌿
#GRAFIbérica #futurosostenible
----
A gestão da água não é uma moda, é uma necessidade. Recuperar, filtrar e armazenar a água da chuva é uma aposta segura no futuro 💧🌿
#GRAFIbérica #futurosustentável",#GRAFIbérica #futurosostenible #GRAFIbérica #futurosustentável
"Fri, 24 Oct 2025 08:02:03 GMT","Reducir la escorrentía superficial ayuda a prevenir inundaciones. Con los túneles de infiltración GRAF, el agua vuelve al suelo de forma segura 🌱
#GRAFIbérica #infiltración
----
Reduzir o escoamento superficial ajuda a prevenir inundações. Com os túneis de infiltração GRAF, a água volta ao solo de forma segura 🌱
#GRAFIbérica #infiltração",#GRAFIbérica #infiltración #GRAFIbérica #infiltração
"Wed, 22 Oct 2025 08:01:31 GMT","Aprovecha cada lluvia. Con los sistemas GRAF de recogida de agua, el otoño se convierte en una fuente de ahorro 🍂💧
¡Prepara tu jardín para la próxima temporada!
#GRAFIbérica #recolecciónagua
----
Aproveite cada chuva. Com os sistemas GRAF de recolha de água, o outono torna-se numa fonte de poupança 🍂💧
Prepare o seu jardim para a próxima estação!
#GRAFIbérica #recolhaágua",#GRAFIbérica #recolecciónagua #GRAFIbérica #recolhaágua
"Mon, 20 Oct 2025 14:08:04 GMT","Los depósitos GRAF no solo permiten aprovechar el agua de lluvia 🌧️.
También están disponibles en versiones certificadas para almacenar agua potable, garantizando calidad, resistencia y seguridad en instalaciones críticas.
Una única solución, múltiples aplicaciones 💧

#GRAFIbérica #gestióndelagua
----
Os depósitos GRAF não servem apenas para aproveitar a água da chuva 🌧️.
Também estão disponíveis em versões certificadas para armazenar água potável, garantindo qualidade, resistência e segurança em instalações críticas.
Uma única solução, múltiplas aplicações 💧

#GRAFIbérica #gestãodaágua",#GRAFIbérica #gestióndelagua #GRAFIbérica #gestãodaágua
"Thu, 16 Oct 2025 09:12:54 GMT","🍂 El otoño es el momento ideal para escarificar el césped, preparar los bancales, plantar bulbos de primavera y dar vida a proyectos DIY sostenibles. Con pequeños gestos puedes cuidar el suelo, fomentar la biodiversidad y dejar tu jardín listo para el invierno… y para florecer en primavera. 

#GRAFIbérica #jardinesostenible #otoñoenjardín
----
🍂 O outono é o momento ideal para escarificar o relvado, preparar os canteiros, plantar bolbos de primavera e dar vida a projetos DIY sustentáveis. Com pequenos gestos, cuidas o solo, promoves a biodiversidade e deixas o teu jardim pronto para o inverno… e para florescer na primavera.

#GRAFIbérica #jardimsustentável #outononojardim",#GRAFIbérica #jardinesostenible #otoñoenjardín #GRAFIbérica #jardimsustentável #outononojardim
"Tue, 14 Oct 2025 08:02:00 GMT","El sistema EcoBloc permite infiltrar grandes volúmenes de agua, incluso en espacios reducidos. Instalación rápida, apilable y resistente 🚧
Ideal para zonas urbanas.
#GRAFIbérica #drenajesostenible
----
O sistema EcoBloc permite infiltrar grandes volumes de água, mesmo em espaços reduzidos. Instalação rápida, empilhável e resistente 🚧
Ideal para zonas urbanas.
#GRAFIbérica #drenagensustentável",#GRAFIbérica #drenajesostenible #GRAFIbérica #drenagensustentável
"Sat, 11 Oct 2025 08:01:09 GMT","Los productos GRAF están fabricados con procesos energéticamente eficientes y plástico reciclado 🔋
Menor huella de carbono, mayor compromiso ambiental.
#GRAFIbérica #energíasostenible
----
Os produtos GRAF são fabricados com processos energeticamente eficientes e plástico reciclado 🔋
Menor pegada de carbono, maior compromisso ambiental.
#GRAFIbérica #energiasustentável",#GRAFIbérica #energíasostenible #GRAFIbérica #energiasustentável
"Fri, 10 Oct 2025 08:02:33 GMT","Desde 1974 GRAF lidera la gestión del agua con soluciones eficientes, sostenibles y duraderas 🌍
Gracias por confiar en nosotros para construir un futuro más verde.
#GRAFIbérica #50añosGRAF
----
Desde 1974 a GRAF lidera a gestão da água com soluções eficientes, sustentáveis e duráveis 🌍
Obrigado por confiar em nós para construir um futuro mais verde.
#GRAFIbérica #50anosGRAF",#GRAFIbérica #50añosGRAF #GRAFIbérica #50anosGRAF
"Wed, 08 Oct 2025 08:02:03 GMT","El sistema Platin XL y XXL permite conectar varios depósitos para alcanzar el volumen deseado. Una solución ideal para proyectos con grandes necesidades de almacenamiento de agua de lluvia 🏗️
Flexibilidad total para adaptarse a cada instalación.

#GRAFIbérica #depósitosmodulares
----
O sistema Platin XL e XXL permite conectar vários depósitos para alcançar o volume necessário. Uma solução ideal para projetos com grandes necessidades de armazenamento de água da chuva 🏗️
Flexibilidade total para se adaptar a cada instalação.

#GRAFIbérica #depósitosmodulares",#GRAFIbérica #depósitosmodulares #GRAFIbérica #depósitosmodulares
"Mon, 06 Oct 2025 08:01:47 GMT","Otoño es ideal para compostar hojas y restos del huerto. Con los compostadores GARANTIA, obtendrás un abono natural y reducirás residuos ♻️
¡Cuida tu jardín y el planeta!
#GRAFIbérica #compostaje
----
O outono é ideal para compostar folhas e restos da horta. Com os compostores GARANTIA, obterá um fertilizante natural e reduzirá resíduos ♻️
Cuide do seu jardim e do planeta!
#GRAFIbérica #compostagem",#GRAFIbérica #compostaje #GRAFIbérica #compostagem
"Thu, 02 Oct 2025 08:01:59 GMT","¿Sabías que con un sistema de recuperación de agua de lluvia puedes ahorrar hasta un 50 % de agua potable en el hogar? 🚿
Riega, limpia, lava y descarga el WC con agua gratuita y sin cal.

#GRAFIbérica #ahorroagua
----
Sabia que com um sistema de recuperação da água da chuva pode economizar até 50% da água potável em casa? 🚿
Rega, limpeza, lavagens e descargas sanitárias com água gratuita e sem calcário.

#GRAFIbérica #economiaágua",#GRAFIbérica #ahorroagua #GRAFIbérica #economiaágua
"Tue, 30 Sep 2025 15:06:01 GMT","Nuestros depósitos para agua contra incendios cumplen las normativas más exigentes 🔥
Resistentes, soterrados y con gran capacidad. Protección activa para cualquier entorno.
#GRAFIbérica #prevenciónincendios
----
Os nossos depósitos para água contra incêndios cumprem as normas mais exigentes 🔥
Resistentes, enterrados e com grande capacidade. Proteção ativa para qualquer ambiente.
#GRAFIbérica #prevençãoincêndios",#GRAFIbérica #prevenciónincendios #GRAFIbérica #prevençãoincêndios
"Fri, 26 Sep 2025 15:05:51 GMT","En GRAF fabricamos con hasta un 70 % de plástico reciclado ♻️
Nuestros procesos son energéticamente eficientes y cada producto está diseñado pensando en su durabilidad.
Sostenibilidad real, desde el origen.
#GRAFIbérica #producciónsostenible
----
Na GRAF fabricamos com até 70% de plástico reciclado ♻️
Os nossos processos são energeticamente eficientes e cada produto é concebido a pensar na sua durabilidade.
Sustentabilidade real, desde a origem.
#GRAFIbérica #produçãosustentável",#GRAFIbérica #producciónsostenible #GRAFIbérica #produçãosustentável
"Wed, 24 Sep 2025 13:08:07 GMT","¡Estamos en Oporto! 🌧️💧
GRAF Ibérica participa en la feria @enerh2o, el punto de encuentro de las soluciones más innovadoras para la gestión del agua. Te esperamos en Exponor, Pabellón 2, stand nº 129.

¿Hablamos de sostenibilidad? 🌱

#GRAFIbérica #gestióndelagua #sostenibilidad
-----
Estamos no Porto! 🌧️💧
A GRAF Ibérica está presente na feira enerh2o, o ponto de encontro das soluções mais inovadoras para a gestão da água. Visite-nos na Exponor, Pavilhão 2, stand nº 129.

Falamos de sustentabilidade? 🌱

#GRAFIbérica #gestãodágua #sustentabilidade",#GRAFIbérica #gestióndelagua #sostenibilidad #GRAFIbérica #gestãodágua #sustentabilidade
"Wed, 24 Sep 2025 05:00:50 GMT","Hoy celebramos el Día Mundial de los Ríos 🌊 

En GRAF protegemos estos ecosistemas esenciales con soluciones sostenibles para la infiltración y gestión del agua de lluvia.  Nuestros depósitos soterrados ayudan a reducir la sobrecarga de los cauces y a conservar el equilibrio natural. 

Por un futuro con ríos limpios y vivos.

#GRAFIbérica #DíaMundialdelosRíos #gestióndelagua
----
Hoje celebramos o Dia Mundial dos Rios 🌊 

Na GRAF protegemos estes ecossistemas essenciais com soluções sustentáveis para infiltração e gestão da água da chuva.  Os nossos depósitos soterrados ajudam a reduzir a sobrecarga dos cursos naturais e a preservar o equilíbrio ambiental. 

Por um futuro com rios limpos e vivos.

#GRAFIbérica #DiaMundialdosRios #gestãodaágua",#GRAFIbérica #DíaMundialdelosRíos #gestióndelagua #GRAFIbérica #DiaMundialdosRios #gestãodaágua
"Mon, 22 Sep 2025 15:06:24 GMT","Con los packs GRAF para jardín, regar con agua de lluvia es más cómodo, económico y ecológico 🌱
Incluyen filtros, bombas automáticas y conexiones listas para usar.
¡Aprovecha el agua sin esfuerzo!
#GRAFIbérica #riegojardín
----
Com os packs GRAF para jardim, regar com água da chuva é mais cómodo, económico e ecológico 🌱
Incluem filtros, bombas automáticas e ligações prontas a usar.
Aproveite a água sem esforço!
#GRAFIbérica #regaJardim",#GRAFIbérica #riegojardín #GRAFIbérica #regaJardim
"Tue, 16 Sep 2025 15:06:36 GMT","Los depósitos soterrados Carat XXL permiten almacenar hasta 56.000 litros de agua 🚜
Perfectos para proyectos públicos, comerciales o industriales.
Soluciones a gran escala, con la fiabilidad GRAF.
#GRAFIbérica #CaratXXL
----
Os depósitos enterrados Carat XXL permitem armazenar até 56.000 litros de água 🚜
Perfeitos para projetos públicos, comerciais ou industriais.
Soluções em grande escala, com a fiabilidade da GRAF.
#GRAFIbérica #CaratXXL",#GRAFIbérica #CaratXXL #GRAFIbérica #CaratXXL
"Wed, 10 Sep 2025 16:10:42 GMT","Presembrar correctamente es una de las claves para una temporada de jardinería exitosa 🌿🌞. Elegir el momento adecuado para cada tipo de planta, utilizar el sustrato correcto y prestar atención a la luz 💡 y la humedad 💧 marcará la diferencia en el desarrollo de las plántulas. Además, endurecerlas antes de trasplantarlas las hará más fuertes frente al entorno exterior 💪🌱.

Tomates 🍅, pimientos, calabazas 🎃 o girasoles 🌻: cada especie tiene su calendario. Y con pequeños gestos, como utilizar bandejas de cultivo recicladas ♻️ o proteger las raíces al trasplantar, se puede cuidar mejor del jardín desde el primer día. Descubre todos los consejos para empezar bien el año en jardinería en nuestro blog.

https://loom.ly/W31LnHM

#GRAFIbérica #jardinería #cultivoecológico
-----
Pré-germinar corretamente é uma das chaves para uma temporada de jardinagem bem-sucedida 🌿🌞. Escolher o momento certo para cada tipo de planta, usar o substrato adequado e prestar atenção à luz 💡 e à humidade 💧 fará toda a diferença no desenvolvimento das mudas. Além disso, aclimatá-las antes do transplante as tornará mais resistentes ao ambiente externo 💪🌱.

Tomates 🍅, pimentos, abóboras 🎃 ou girassóis 🌻: cada espécie tem seu próprio calendário. E com pequenos gestos, como usar bandejas recicladas ♻️ ou proteger as raízes ao transplantar, é possível cuidar melhor do jardim desde o primeiro dia. Descubra todas as dicas para começar bem o ano na jardinagem no nosso blog.

#GRAFIbérica #jardinagem #cultivoecológico",#GRAFIbérica #jardinería #cultivoecológico #GRAFIbérica #jardinagem #cultivoecológico
"Mon, 08 Sep 2025 15:05:47 GMT","Los filtros internos y externos GRAF aseguran un agua limpia y sin impurezas para riego, WC o lavadora.
Alarga la vida útil de tus instalaciones y aprovecha el agua con calidad 💧
#GRAFIbérica #filtración
----
Os filtros internos e externos da GRAF garantem água limpa e sem impurezas para rega, WC ou máquina de lavar roupa.
Prolongue a vida útil das suas instalações e aproveite a água com qualidade 💧
#GRAFIbérica #filtração",#GRAFIbérica #filtración #GRAFIbérica #filtração
"Thu, 04 Sep 2025 15:06:03 GMT","Diseñado para una instalación rápida y económica, el depósito Platin de GRAF reduce hasta un 80 % el volumen de excavación respecto a una cisterna cilíndrica.
Menos trabajo, menos costes, más eficiencia 💡
#GRAFIbérica #depósitosPlatin
----
Projetado para uma instalação rápida e económica, o depósito Platin da GRAF reduz até 80% o volume de escavação em comparação com uma cisterna cilíndrica.
Menos trabalho, menos custos, mais eficiência 💡
#GRAFIbérica #depósitosPlatin",#GRAFIbérica #depósitosPlatin #GRAFIbérica #depósitosPlatin
"Tue, 02 Sep 2025 15:06:24 GMT","💧Volver a la rutina también es una oportunidad para educar en sostenibilidad. Los sistemas de recuperación de agua de lluvia permiten enseñar con el ejemplo: cuidar los recursos empieza en casa, en la empresa o en la escuela. 

Instala una solución GRAF y convierte cada gota en una lección.
#GRAFIbérica #sostenibilidad
----
💧Recomeçar a rotina é também uma oportunidade para educar sobre sustentabilidade. Os sistemas de aproveitamento da água da chuva permitem ensinar com o exemplo: cuidar dos recursos começa em casa, na empresa ou na escola. 

Instale uma solução GRAF e transforme cada gota em uma lição.
#GRAFIbérica #sustentabilidade",#GRAFIbérica #sostenibilidad #GRAFIbérica #sustentabilidade
"Fri, 29 Aug 2025 08:02:03 GMT","💧 El agua de lluvia es gratuita y perfecta para uso no potable. Con los sistemas GRAF puedes ahorrar hasta un 50 % del agua de red en casa: inodoro, lavadora, limpieza y jardín.

#GRAFIbérica #AhorraAgua
----
💧 A água da chuva é gratuita e perfeita para usos não potáveis. Com os sistemas GRAF pode poupar até 50 % da água da rede em casa: sanita, máquina de lavar, limpeza e jardim.

#GRAFIbérica #PoupeÁgua",#GRAFIbérica #AhorraAgua #GRAFIbérica #PoupeÁgua
"Fri, 22 Aug 2025 08:02:10 GMT","🚒 Depósitos de gran capacidad, instalación sencilla. Ligereza, estabilidad frente al agua subterránea y transitabilidad hasta 40 t. Así es la solución GRAF para protección contra incendios. Instalación rápida con grúa.

#GRAFIbérica #SeguridadEficiente

-----
🚒 Depósitos de grande capacidade, instalação simples. Leves, estáveis frente à água subterrânea e com transitabilidade até 40 t. Esta é a solução GRAF para proteção contra incêndios. Instalação rápida com grua.

#GRAFIbérica #SegurançaEficiente",#GRAFIbérica #SeguridadEficiente #GRAFIbérica #SegurançaEficiente
"Wed, 20 Aug 2025 08:02:04 GMT","🌿 Más que un depósito: un elemento decorativo con vida. Algunos modelos incluyen macetero integrado para dar color y vida a tu espacio. Disponibles en distintos tamaños, desde compactos de 310 L hasta opciones de gran capacidad. Agua para tus plantas… y flores sobre el depósito 🌸

#GRAFIbérica #AguaConEstilo
----
🌿 Mais do que um depósito: um elemento decorativo com vida. Alguns modelos incluem vaso integrado para dar cor e vida ao seu espaço. Disponíveis em vários tamanhos, desde os compactos de 310 L até opções de grande capacidade. Água para as suas plantas… e flores sobre o depósito 🌸

#GRAFIbérica #ÁguaComEstilo",#GRAFIbérica #AguaConEstilo #GRAFIbérica #ÁguaComEstilo
"Thu, 14 Aug 2025 08:54:33 GMT","Los bomberos de Vogtsburg ya no necesitan desplazarse para entrenar: gracias a un depósito soterrado GRAF Carat XXL, ahora reutilizan el agua de lluvia 💧 recogida del tejado de su propio parque de bomberos.

Con una capacidad de 22.000 litros, este depósito no solo permite realizar simulacros de forma eficiente, sino que también contribuye a la sostenibilidad 🌱, evitando el desperdicio de agua potable. Fabricado con plástico reciclado y diseñado para soportar el paso de vehículos de hasta 40 toneladas 🚒, el Carat XXL se adapta perfectamente a las exigencias de un parque moderno.

Una solución práctica, ecológica y perfectamente integrada en la infraestructura, que reafirma el compromiso de GRAF con la innovación sostenible.

➡️ https://loom.ly/lz3ggaY

#GRAFIbérica #GestiónDelAgua
----
Os bombeiros de Vogtsburg já não precisam sair para treinar: graças a um depósito soterrado GRAF Carat XXL, agora reutilizam a água da chuva 💧 recolhida do telhado do próprio quartel de bombeiros.

Com uma capacidade de 22.000 litros, este depósito não só permite realizar simulações de forma eficiente, como também contribui para a sustentabilidade 🌱, evitando o desperdício de água potável. Fabricado com plástico reciclado e concebido para suportar o tráfego de veículos até 40 toneladas 🚒, o Carat XXL adapta-se perfeitamente às exigências de um quartel moderno.

Uma solução prática, ecológica e perfeitamente integrada na infraestrutura, que reafirma o compromisso da GRAF com a inovação sustentável.

#GRAFIbérica #GestãoDaÁgua",#GRAFIbérica #GestiónDelAgua #GRAFIbérica #GestãoDaÁgua
"Tue, 12 Aug 2025 08:01:45 GMT","💧 El separador Diamant está diseñado para un uso exigente y continuo. Ideal para cocinas de gran volumen, mataderos y molinos de aceite. Con diferentes capacidades y puntos de muestreo integrados, asegura un funcionamiento fiable, limpio y conforme a normativa.

#GRAFIbérica #SeparadorDiamant
-----
💧 O separador Diamant foi concebido para uso exigente e contínuo. Ideal para cozinhas de grande volume, matadouros e lagares de azeite. Com diferentes capacidades e pontos de amostragem integrados, garante um funcionamento fiável, limpo e em conformidade com as normas.

#GRAFIbérica #SeparadorDiamant",#GRAFIbérica #SeparadorDiamant #GRAFIbérica #SeparadorDiamant
"Fri, 08 Aug 2025 08:02:19 GMT","Los sistemas EcoBloc de GRAF ofrecen una gestión eficiente del agua de lluvia mediante infiltración y retención. Ideales para proyectos urbanos y zonas industriales, permiten almacenar grandes volúmenes en poco espacio. 
Una solución duradera, certificada y adaptable a cada necesidad.
#GRAFIbérica #gestiónagualluvia
----
Os sistemas EcoBloc da GRAF oferecem uma gestão eficiente da água da chuva através de infiltração e retenção. Ideais para projetos urbanos e áreas industriais, permitem armazenar grandes volumes em pouco espaço. 
Uma solução duradoura, certificada e adaptável a cada necessidade.
#GRAFIbérica #gestãoáguadachuva",#GRAFIbérica #gestiónagualluvia #GRAFIbérica #gestãoáguadachuva
"Wed, 06 Aug 2025 08:02:05 GMT","Reducir escorrentías, aliviar el sistema de alcantarillado y promover la recarga del acuífero 🌧️
Eso es lo que consigues con los módulos de infiltración GRAF.
Soluciones pensadas para la ciudad del futuro.
#GRAFIbérica #infiltración
----
Reduzir escoamentos, aliviar o sistema de esgoto e promover a recarga do aquífero 🌧️
É isso que se consegue com os módulos de infiltração da GRAF.
Soluções pensadas para a cidade do futuro.
#GRAFIbérica #infiltração",#GRAFIbérica #infiltración #GRAFIbérica #infiltração
"Mon, 04 Aug 2025 15:05:56 GMT","Septiembre es un mes ideal para iniciar el compostaje. Nuestros compostadores GARANTIA convierten los residuos orgánicos en abono de calidad, reduciendo el volumen de basura y enriqueciendo la tierra del jardín. 
Un gesto simple con grandes beneficios ambientales.
#GRAFIbérica #compostaje
----
Setembro é um mês ideal para começar a compostagem. Os nossos compostores GARANTIA transformam os resíduos orgânicos em adubo de qualidade, reduzindo o volume de lixo e enriquecendo o solo do jardim. 
Um gesto simples com grandes benefícios ambientais.
#GRAFIbérica #compostagem",#GRAFIbérica #compostaje #GRAFIbérica #compostagem
"Thu, 31 Jul 2025 08:01:40 GMT","🏡 ¿Nuevo proyecto residencial? Las fosas filtro Carat de GRAF ofrecen una solución completa, robusta y sostenible para el tratamiento de aguas residuales domésticas. Fabricadas en plástico reciclado, resistentes, modulares y fáciles de instalar, son una alternativa eficaz frente a sistemas tradicionales de depuración.

#GRAFIbérica #GestiónSostenible
-----
🏡 Novo projeto residencial? As fossas filtro Carat da GRAF oferecem uma solução completa, robusta e sustentável para o tratamento de águas residuais domésticas. Fabricadas em plástico reciclado, resistentes, modulares e fáceis de instalar, são uma alternativa eficaz aos sistemas tradicionais de depuração.

#GRAFIbérica #GestãoSustentável",#GRAFIbérica #GestiónSostenible #GRAFIbérica #GestãoSustentável
"Tue, 29 Jul 2025 08:01:44 GMT","Los depósitos de recuperación de agua de lluvia de GRAF están diseñados para almacenar y regular la descarga de agua 🌊💦. Almacenan el agua de manera temporal antes de liberarla progresivamente al sistema doméstico o de alcantarillado, evitando inundaciones y reduciendo la carga en las infraestructuras urbanas. Una solución eficiente y sostenible para la gestión del agua pluvial.

#GRAFIbérica #DepósitosDeRetención #InfraestructuraSostenible

----
Os reservatórios de retenção de águas pluviais da GRAF são projetados para armazenar e regular o escoamento da água 🌊💦. Armazenam a água temporariamente antes de a libertar progressivamente para o sistema doméstico ou para a rede de esgotos, evitando inundações e reduzindo a sobrecarga nas infraestruturas urbanas. Uma solução eficiente e sustentável para a gestão das águas pluviais.

#GRAFIbérica #DepósitosDeRetenção #InfraestruturaSustentável",#GRAFIbérica #DepósitosDeRetención #InfraestructuraSostenible #GRAFIbérica #DepósitosDeRetenção #InfraestruturaSustentável
"Fri, 25 Jul 2025 08:02:08 GMT","Confiar en GRAF es mucho más que elegir una solución técnica.
Es apostar por un futuro más sostenible, con productos reciclables, innovación responsable y compromiso con el agua como recurso vital. Gracias por formar parte de este camino con nosotros 💧🌱

#GRAFIbérica #PorUnPlanetaMásVerde
----
Confiar na GRAF é muito mais do que escolher uma solução técnica.
É apostar num futuro mais sustentável, com produtos recicláveis, inovação responsável e compromisso com a água como recurso vital. Obrigado por fazer parte deste caminho connosco 💧🌱 

#GRAFIbérica #PorUmPlanetaMaisVerde",#GRAFIbérica #PorUnPlanetaMásVerde #GRAFIbérica #PorUmPlanetaMaisVerde
"Thu, 24 Jul 2025 08:02:18 GMT","En nuestro Centro de Competencia en Herbolzheim transformamos envases usados en soluciones sostenibles y duraderas, como depósitos para la gestión del agua. Gracias al reciclaje mecánico y a nuestra experiencia, creamos productos de alta calidad con una huella ambiental reducida.

Innovamos hoy para un planeta más verde mañana 🌱

#GRAFIbérica #sostenibilidad #reciclaje

----
No nosso Centro de Competência em Herbolzheim transformamos embalagens usadas em soluções sustentáveis e duráveis, como depósitos para gestão de água. Graças à reciclagem mecânica e à nossa experiência, criamos produtos de alta qualidade com uma pegada ambiental reduzida.

Inovamos hoje por um planeta mais verde amanhã 🌱

#GRAFIbérica #sustentabilidade #reciclagem",#GRAFIbérica #sostenibilidad #reciclaje #GRAFIbérica #sustentabilidade #reciclagem
"Wed, 23 Jul 2025 08:02:14 GMT","Una finca en Marbella necesitaba recuperar el agua de lluvia para riego y controlar el nivel freático del terreno 🌿💧

Se instalaron:
✔️ Depósito Carat de 6.500 L, ideal para almacenar agua de lluvia
✔️ Pack técnico Carat garden confort plus, con Aqua Control para un riego inteligente y seguro
✔️ Bomba Niro40 para extraer el exceso de agua freática y redirigirla a otro depósito existente

Gracias a esta solución, el riego se realiza de forma sostenible, sin depender del agua potable, y el terreno se mantiene protegido frente al exceso de agua subterránea ♻️

#GRAFIbérica #RecuperaciónDeAguaDeLluvia #Sostenibilidad
------
Uma propriedade em Marbella precisava recuperar a água da chuva para rega e controlar o nível freático do terreno 🌿💧

Foram instalados:
✔️ Reservatório Carat de 6.500 L, ideal para armazenar água da chuva
✔️ Pack técnico Carat garden confort plus, com Aqua Control para uma irrigação inteligente e segura
✔️ Bomba Niro40 para extrair o excesso de água freática e redirecioná-la para outro reservatório existente

Graças a esta solução, a rega é feita de forma sustentável, sem depender de água potável, e o terreno permanece protegido contra o excesso de água subterrânea ♻️

#GRAFIbérica #RecuperaçãoDaÁguaDaChuva #Sustentabilidade",#GRAFIbérica #RecuperaciónDeAguaDeLluvia #Sostenibilidad #GRAFIbérica #RecuperaçãoDaÁguaDaChuva #Sustentabilidade
"Mon, 21 Jul 2025 13:07:44 GMT","✨ Diseño y sostenibilidad pueden ir de la mano. Nuestros depósitos decorativos no solo almacenan agua de lluvia, también embellecen el entorno. Con acabados que imitan piedra, madera o cerámica, son una solución estética y eficiente para exteriores. Estilo mediterráneo, moderno o clásico… ¿cuál es el tuyo?

#GRAFIbérica #DiseñoSostenible
-----
✨ Design e sustentabilidade podem andar juntos. Os nossos depósitos decorativos não só armazenam água da chuva, como também embelezam o ambiente. Com acabamentos que imitam pedra, madeira ou cerâmica, são uma solução estética e eficiente para exteriores. Estilo mediterrâneo, moderno ou clássico… qual é o seu?

#GRAFIbérica #DesignSustentável",#GRAFIbérica #DiseñoSostenible #GRAFIbérica #DesignSustentável
"Tue, 15 Jul 2025 17:06:06 GMT","Cada gota cuenta cuando se trata de gestionar el agua de forma sostenible 💦♻️. Con los sistemas de aprovechamiento de agua de lluvia de GRAF, es posible reducir hasta un 50% el consumo de agua potable, reutilizándola para riego, limpieza e incluso ciertos usos domésticos. Una solución eficiente que optimiza los recursos hídricos, reduce costes y contribuye al medio ambiente.

#GRAFIbérica #AprovechamientoDeAgua #Sostenibilidad 

----

Cada gota importa quando se trata de gerenciar a água de forma sustentável 💦♻️. Com os sistemas de aproveitamento de água da chuva da GRAF, é possível reduzir até 50% do consumo de água potável, reutilizando-a para irrigação, limpeza e até alguns usos domésticos. Uma solução eficiente que otimiza os recursos hídricos, reduz custos e contribui para o meio ambiente.

#GRAFIbérica #AproveitamentoDeÁgua #Sustentabilidade",#GRAFIbérica #AprovechamientoDeAgua #Sostenibilidad #GRAFIbérica #AproveitamentoDeÁgua #Sustentabilidade
"Fri, 11 Jul 2025 13:42:19 GMT","🌤️ En verano, el riego del jardín puede disparar el consumo de agua. Nuestros sistemas de recogida de agua de lluvia ofrecen una solución práctica, sostenible y visualmente integrada.

#GRAFIbérica #GestiónDelJardín
----
🌤️ No verão, a rega do jardim pode aumentar muito o consumo de água. Os nossos sistemas de recolha de água da chuva oferecem uma solução prática, sustentável e visualmente integrada.

#GRAFIbérica #GestãoDoJardim",#GRAFIbérica #GestiónDelJardín #GRAFIbérica #GestãoDoJardim
"Wed, 09 Jul 2025 14:45:16 GMT","🔥 Una reserva de agua puede salvarlo todo. Nuestros depósitos Carat XXL y Platin XXL están diseñados a medida para garantizar el suministro inmediato en caso de incendio. Fiabilidad, capacidad y seguridad en una única solución.

#GRAFIbérica #ProtecciónContraIncendios

-----
🔥 Uma reserva de água pode salvar tudo. Os nossos depósitos Carat XXL e Platin XXL são projetados à medida para garantir o abastecimento imediato em caso de incêndio. Fiabilidade, capacidade e segurança numa única solução.

#GRAFIbérica #ProteçãoContraIncêndios",#GRAFIbérica #ProtecciónContraIncendios #GRAFIbérica #ProteçãoContraIncêndios
"Mon, 07 Jul 2025 15:12:16 GMT","🌱 El suelo es la base de la vida. Hoy, en el Día Internacional de la Conservación del Suelo, recordamos la importancia de proteger este recurso esencial para nuestro futuro. En GRAF, desarrollamos soluciones sostenibles que respetan el equilibrio natural del suelo.

#GRAFIbérica #ConservaciónDelSuelo
---
🌱 O solo é a base da vida.
Hoje, no Dia Internacional da Conservação do Solo, lembramos a importância de proteger este recurso essencial para o nosso futuro. Na GRAF, desenvolvemos soluções sustentáveis que respeitam o equilíbrio natural do solo.

#GRAFIbérica #ConservaciónDelSuelo",#GRAFIbérica #ConservaciónDelSuelo #GRAFIbérica #ConservaciónDelSuelo
"Thu, 03 Jul 2025 13:34:17 GMT","🌿 ¿Riegas tu jardín con agua potable? Con Platin garden de GRAF puedes usar agua de lluvia filtrada, ideal para las plantas y perfecta para ahorrar. Con bomba automática y toma de agua integrada, tendrás agua siempre que la necesites.

#GRAFIbérica #GestiónDelAgua
----
🌿 Regar o seu jardim com água potável? Com Platin garden da GRAF pode usar água da chuva filtrada, ideal para as plantas e perfeita para poupar. Com bomba automática e ponto de água integrado, terá sempre água quando precisar.

#GRAFIbérica #GestãoDaÁgua",#GRAFIbérica #GestiónDelAgua #GRAFIbérica #GestãoDaÁgua
"Tue, 01 Jul 2025 14:27:19 GMT","💚 En GRAF fabricamos pensando en el futuro: productos 100 % reciclables, diseñados para durar décadas. Nuestra misión es cuidar el agua y el planeta, sin concesiones.

#GRAFIbérica #SostenibilidadReal
----
💚 Na GRAF fabricamos a pensar no futuro: produtos 100 % recicláveis, concebidos para durar décadas. A nossa missão é cuidar da água e do planeta, sem concessões.

#GRAFIbérica #SustentabilidadeReal",#GRAFIbérica #SostenibilidadReal #GRAFIbérica #SustentabilidadeReal
"Fri, 27 Jun 2025 08:02:25 GMT","🔹 Compacto pero potente: el separador de grasas Saphir es perfecto para cocinas profesionales y negocios alimentarios que necesitan una solución eficaz en espacios reducidos.

#GRAFIbérica #SeparadorSaphir
----
🔹 Compacto mas potente: o separador de gorduras Saphir é perfeito para cozinhas profissionais e negócios alimentares que precisam de uma solução eficaz em espaços reduzidos.

#GRAFIbérica #SeparadorSaphir",#GRAFIbérica #SeparadorSaphir #GRAFIbérica #SeparadorSaphir
"Mon, 23 Jun 2025 08:01:55 GMT","🚿 ¿Sabías que puedes usar agua de lluvia también dentro de casa? Los sistemas GRAF permiten utilizarla en inodoros y lavadoras, con control automático y filtros autolimpiantes. Comodidad y ahorro, sin renunciar a la calidad.

#GRAFIbérica #AprovechamientoDeAgua
----
🚿 Sabia que pode usar água da chuva também dentro de casa? Os sistemas GRAF permitem utilizá-la em sanitas e máquinas de lavar, com controlo automático e filtros autolimpantes. Conforto e poupança, sem comprometer a qualidade.

#GRAFIbérica #AproveitamentoDeÁgua",#GRAFIbérica #AprovechamientoDeAgua #GRAFIbérica #AproveitamentoDeÁgua
"Thu, 19 Jun 2025 11:44:20 GMT","🚰 El depósito plano Platin se instala con una excavación mínima y está disponible en capacidades desde 1.500 hasta 65.000 litros. Perfecto para espacios reducidos y accesible para carga de vehículos con la tapa adecuada. Una solución eficaz, duradera y lista para cualquier necesidad.

#DepósitoSoterrado #GRAFIbérica

-------
🚰 O depósito plano Platin instala-se com escavação mínima e está disponível com capacidades de 1.500 a 65.000 litros. Perfeito para espaços reduzidos e acessível para carga de veículos com a tampa adequada. Uma solução eficaz, durável e pronta para qualquer necessidade.

#DepósitoSoterrado #GRAFIbérica",#DepósitoSoterrado #GRAFIbérica #DepósitoSoterrado #GRAFIbérica
"Tue, 17 Jun 2025 08:01:46 GMT","🌳 Compostar en casa es fácil con los compostadores GARANTIA de GRAF. Reduce tus residuos y crea abono natural para tu jardín. Una acción sencilla con gran impacto ambiental.

#GRAFIbérica #Compostaje
----
🌳 Compostar em casa é fácil com os compostores GARANTIA da GRAF. Reduza os seus resíduos e crie fertilizante natural para o seu jardim. Uma ação simples com grande impacto ambiental.

#GRAFIbérica #Compostagem",#GRAFIbérica #Compostaje #GRAFIbérica #Compostagem
"Fri, 13 Jun 2025 08:01:53 GMT","La gestión sostenible del agua empieza bajo tierra. Nuestras soluciones de infiltración EcoBloc permiten que el agua vuelva al subsuelo, ayudando a recargar los acuíferos y prevenir inundaciones. 🌍

#GRAFIbérica #DrenajeSostenible
----
A gestão sustentável da água começa debaixo da terra. As nossas soluções de infiltração EcoBloc permitem que a água volte ao subsolo, ajudando a recarregar os aquíferos e a prevenir inundações. 🌍

#GRAFIbérica #DrenagemSustentável",#GRAFIbérica #DrenajeSostenible #GRAFIbérica #DrenagemSustentável
"Wed, 11 Jun 2025 08:02:39 GMT","Una finca en Alhaurín de la Torre necesitaba reutilizar el agua para regar por goteo y método tradicional 🌿

Se instalaron:
✔️ Depuradora one2clean de 3.750 L para tratar el agua usada
✔️ Depósito Compact de 3.000 L para almacenar el agua depurada

Ahora, el riego del terreno se realiza de forma eficiente y sostenible ♻️

#GRAFIbérica #TratamientoDeAguas
-----
Uma propriedade em Alhaurín de la Torre precisava reutilizar a água para irrigação por gotejamento e rega tradicional 🌿

Foram instalados:
✔️ Estação one2clean de 3.750 L para tratar a água usada
✔️ Depósito Compact de 3.000 L para armazenar a água tratada

Agora, a irrigação do terreno é feita de forma eficiente e sustentável ♻️

#GRAFIbérica #TratamentoDeÁguas",#GRAFIbérica #TratamientoDeAguas #GRAFIbérica #TratamentoDeÁguas
"Mon, 09 Jun 2025 08:01:42 GMT","♻️ Más del 70 % del material utilizado en nuestros depósitos proviene del reciclaje. Tecnología alemana con conciencia ecológica.

#GRAFIbérica #PorUnPlanetaMásVerde
----
♻️ Mais de 70 % do material usado nos nossos depósitos provém da reciclagem.Tecnologia alemã com consciência ecológica.

#GRAFIbérica #PorUmPlanetaMaisVerde",#GRAFIbérica #PorUnPlanetaMásVerde #GRAFIbérica #PorUmPlanetaMaisVerde
"Thu, 05 Jun 2025 08:02:01 GMT","🌍 En GRAF, cada solución que ofrecemos contribuye a un planeta más limpio y sostenible. Hoy, en el Día Mundial del Medio Ambiente, reafirmamos nuestro compromiso con la sostenibilidad, la innovación y el respeto por los recursos naturales. Cuidar el agua es cuidar el futuro.

#GRAFIbérica #DíaMundialDelMedioAmbiente
----
🌍 Na GRAF, cada solução que oferecemos contribui para um planeta mais limpo e sustentável. Hoje, no Dia Mundial do Meio Ambiente, reafirmamos o nosso compromisso com a sustentabilidade, a inovação e o respeito pelos recursos naturais.Cuidar da água é cuidar do futuro.

#GRAFIbérica #DíaMundialDelMedioAmbiente",#GRAFIbérica #DíaMundialDelMedioAmbiente #GRAFIbérica #DíaMundialDelMedioAmbiente
"Tue, 03 Jun 2025 08:01:52 GMT","🚰 ¿Sabías que puedes instalar un depósito de aguas pluviales en tan solo una mañana y con la ayuda de dos personas? El depósito soterrado Platin de GRAF está diseñado para facilitarte la vida: menos excavación, menor profundidad de instalación y una tecnología de filtración profesional integrada. Una solución eficiente y robusta, incluso en zonas con nivel freático alto.

#GRAFIbérica #GestiónDelAgua

-----
🚰  Você sabia que pode instalar um depósito de águas pluviais em apenas uma manhã com a ajuda de duas pessoas? O depósito enterrado Platin da GRAF foi concebido para facilitar a sua vida: menos escavação, menor profundidade de instalação e tecnologia de filtragem profissional integrada. Uma solução eficiente e robusta, mesmo em zonas com nível freático elevado.

#GRAFIbérica #GestãoDaÁgua",#GRAFIbérica #GestiónDelAgua #GRAFIbérica #GestãoDaÁgua
"Fri, 30 May 2025 11:03:54 GMT","⭐ ¿Buscas funcionalidad sin renunciar al estilo? Nuestra gama de depósitos decorativos tiene más de 90 opciones entre colores, formas y tamaños. Desde diseños clásicos a líneas modernas o rústicas, tenemos el depósito que armoniza con tu jardín o terraza.

¡Elige el que más se adapte a tu espacio y gustos!

#GRAFIbérica #DepósitosDecorativos
--------
⭐ Procura funcionalidade sem abrir mão do estilo? A nossa gama de depósitos decorativos oferece mais de 90 opções entre cores, formas e tamanhos. De designs clássicos a linhas modernas ou rústicas, temos o depósito que combina com o seu jardim ou terraço.

Escolha o que mais combina com o seu espaço e gosto!

#GRAFIbérica #DepósitosDecorativos",#GRAFIbérica #DepósitosDecorativos #GRAFIbérica #DepósitosDecorativos
"Wed, 28 May 2025 11:22:41 GMT","🌱 En GRAF desarrollamos soluciones sostenibles para los grandes retos de la gestión del agua. Nuestros depósitos soterrados de gran capacidad permiten recoger, almacenar o infiltrar el agua de lluvia de forma segura, eficiente y duradera.

Una elección inteligente, tanto para la naturaleza como para las infraestructuras.

#GRAFIbérica #GestiónDelAgua #Sostenibilidad
-----
🌱 Na GRAF desenvolvemos soluções sustentáveis para os grandes desafios da gestão da água. Os nossos depósitos soterrados de grande capacidade permitem recolher, armazenar ou infiltrar a água da chuva de forma segura, eficiente e duradoura.

Uma escolha inteligente, tanto para a natureza como para as infraestruturas.

#GRAFIbérica #GestãoDaÁgua #Sustentabilidade",#GRAFIbérica #GestiónDelAgua #Sostenibilidad #GRAFIbérica #GestãoDaÁgua #Sustentabilidade
"Mon, 26 May 2025 12:26:43 GMT","Con nuestros sistemas de tratamiento de aguas residuales, la sostenibilidad y la eficiencia van de la mano. 💧

Los sistemas GRAF, como one2clean o oneAdvanced, destacan por su tecnología SBR de alto rendimiento, que permite obtener una calidad de agua tratada cristalina, sin olores y con hasta un 99 % de eficacia en depuración.

Además, los depósitos de plástico no solo son resistentes a la corrosión y duraderos, sino también fáciles de instalar incluso en ubicaciones de difícil acceso, sin necesidad de maquinaria pesada.

#tratamientodeaguasresiduales #GRAFIbérica
----
Com os nossos sistemas de tratamento de águas residuais, a sustentabilidade e a eficiência andam de mãos dadas. 💧

Os sistemas GRAF, como one2clean ou oneAdvanced, destacam-se pela tecnologia SBR de elevado desempenho, que permite obter uma água tratada cristalina, sem odores e com até 99 % de eficácia na depuração.

Além disso, os depósitos em plástico não só são resistentes à corrosão e duráveis, como também fáceis de instalar mesmo em locais de difícil acesso, sem necessidade de maquinaria pesada.

#tratamentodeáguasresiduais #GRAFIbérica",#tratamientodeaguasresiduales #GRAFIbérica #tratamentodeáguasresiduais #GRAFIbérica
"Sat, 24 May 2025 08:01:05 GMT","🌿 Hoy es el Día Europeo de los Parques Naturales. Una fecha que reconoce la importancia de estos espacios en la conservación de la biodiversidad y el disfrute sostenible de la naturaleza. Las soluciones de GRAF contribuyen a proteger estos entornos, ofreciendo sistemas que reducen el impacto humano en el ciclo del agua y ayudan a preservar su integridad.

#ConservaciónDelAgua #GRAFIbérica
---
🌿 Hoje é o Dia Europeu dos Parques Naturais. Uma data que reconhece a importância destes espaços na conservação da biodiversidade e no usufruto sustentável da natureza. As soluções da GRAF ajudam a proteger estes ambientes, oferecendo sistemas que reduzem o impacto humano no ciclo da água e contribuem para preservar a sua integridade.

#ConservaçãoDaÁgua #GRAFIbérica",#ConservaciónDelAgua #GRAFIbérica #ConservaçãoDaÁgua #GRAFIbérica
"Tue, 20 May 2025 08:02:32 GMT","El sistema EcoBloc maxx permite infiltrar grandes volúmenes de agua con una vida útil superior a 50 años. Modular, inspeccionable y con máxima eficiencia logística, es ideal para proyectos urbanos, industriales y residenciales.

#GestiónPluvial #GRAFIbérica

----
O sistema EcoBloc maxx permite infiltrar grandes volumes de água com uma vida útil superior a 50 anos. Modular, inspecionável e com máxima eficiência logística, é ideal para projetos urbanos, industriais e residenciais.

#GestãoPluvial #GRAFIbérica",#GestiónPluvial #GRAFIbérica #GestãoPluvial #GRAFIbérica
"Sat, 17 May 2025 08:01:26 GMT","♻️ Hoy es el Día Mundial del Reciclaje. Una fecha que nos recuerda la importancia de reducir, reutilizar y reciclar para proteger el medioambiente. En GRAF contribuimos activamente a este objetivo: más del 70 % de los materiales que utilizamos en la fabricación de nuestros productos provienen del reciclaje. Apostamos por una economía circular sostenible y comprometida con el planeta.

#EconomíaCircular #GRAFIbérica
----
♻️ Hoje é o Dia Mundial da Reciclagem. Uma data que nos lembra da importância de reduzir, reutilizar e reciclar para proteger o meio ambiente. Na GRAF contribuímos ativamente para esse objetivo: mais de 70 % dos materiais que utilizamos na fabricação dos nossos produtos são reciclados. Apostamos numa economia circular sustentável e comprometida com o planeta.

#EconomiaCircular #GRAFIbérica",#EconomíaCircular #GRAFIbérica #EconomiaCircular #GRAFIbérica
"Fri, 16 May 2025 08:02:52 GMT","La construcción de una nueva finca en Mallorca requería una solución fiable para el abastecimiento de agua potable. GRAF instaló un depósito soterrado Carat XXL de 52.000 litros, garantizando el suministro necesario 💧🏡.

El depósito Carat XXL está fabricado en polietileno, es apto para uso alimentario (con certificado), de fácil transporte, instalación y limpieza gracias a sus superficies interiores lisas 🚛⚙️. Además, su montaje es rápido, facilitando toda la operación.

Ahora, el agua se almacena de forma segura y se suministra mediante una bomba, cubriendo perfectamente las necesidades de la finca 🚿.

#GestiónDelAgua #GRAFIbérica
----
A construção de uma nova propriedade em Maiorca exigia uma solução confiável para o abastecimento de água potável. A GRAF instalou um reservatório enterrado Carat XXL de 52.000 litros, garantindo o fornecimento necessário 💧🏡.

O reservatório Carat XXL é fabricado em polietileno, é adequado para uso alimentar (com certificado), e é de fácil transporte, instalação e limpeza graças às suas superfícies internas lisas 🚛⚙️. Além disso, a sua montagem é rápida, facilitando toda a operação.

Agora, a água é armazenada de forma segura e fornecida por meio de uma bomba, atendendo perfeitamente às necessidades da propriedade 🚿.

#GestãoDaÁgua #GRAFIbérica",#GestiónDelAgua #GRAFIbérica #GestãoDaÁgua #GRAFIbérica
"Wed, 14 May 2025 08:02:13 GMT","Desde viviendas rurales hasta grandes complejos, nuestras soluciones mejoran la calidad de vida, reducen costes y cuidan del entorno 🌱

#AguaParaTodos #GRAFIbérica
--------
Desde habitações rurais a grandes complexos, as nossas soluções melhoram a qualidade de vida, reduzem custos e protegem o meio ambiente 🌱

#ÁguaParaTodos #GRAFIbérica",#AguaParaTodos #GRAFIbérica #ÁguaParaTodos #GRAFIbérica
"Mon, 12 May 2025 08:02:30 GMT","Proteger el agua empieza por gestionarla donde se genera. En GRAF apostamos por soluciones descentralizadas, eficientes y sostenibles, que se adaptan a las necesidades de cada entorno y promueven una gestión responsable del recurso más valioso: el agua 💧

#GestiónInteligente #GRAFIbérica
-----
Proteger a água começa por geri-la onde se origina. Na GRAF apostamos em soluções descentralizadas, eficientes e sustentáveis, adaptadas às necessidades de cada local e que promovem uma gestão responsável do recurso mais precioso: a água 💧

#GestãoInteligente #GRAFIbérica",#GestiónInteligente #GRAFIbérica #GestãoInteligente #GRAFIbérica
"Thu, 08 May 2025 08:02:29 GMT","Agua limpia, planeta sano 🌱. Nuestros sistemas para el tratamiento de aguas residuales garantizan eficiencia y respeto por el entorno.

#AguaTratada #GRAFIbérica
----
Água limpa, planeta saudável 🌱. Nossos sistemas de tratamento de águas residuais garantem eficiência e respeito pelo meio ambiente.

#ÁguaTratada #GRAFIbérica",#AguaTratada #GRAFIbérica #ÁguaTratada #GRAFIbérica
"Tue, 06 May 2025 08:01:57 GMT","Evitar inundaciones es posible con los sistemas de infiltración de GRAF 🌊🏡. Con el sistema EcoBloc, el agua de lluvia se gestiona de forma eficiente, permitiendo su infiltración en el suelo de manera controlada. Esto ayuda a reducir el riesgo de inundaciones, favorece la recarga de acuíferos y mejora la sostenibilidad urbana.

#GRAFIbérica #DrenajeSostenible #GestiónDelAgua 

-----
Evitar inundações é possível com os sistemas de infiltração da GRAF 🌊🏡. Com o sistema EcoBloc, a água da chuva é gerenciada de forma eficiente, permitindo sua infiltração no solo de maneira controlada. Isso ajuda a reduzir o risco de inundações, favorece a recarga de aquíferos e melhora a sustentabilidade urbana.

#GRAFIbérica #DrenagemSustentável #GestãoDaÁgua",#GRAFIbérica #DrenajeSostenible #GestiónDelAgua #GRAFIbérica #DrenagemSustentável #GestãoDaÁgua
"Fri, 02 May 2025 08:02:38 GMT","Las ciudades están cambiando y la gestión del agua es clave en este proceso 🌆💧. Los sistemas de retención y de recuperación de agua de lluvia de GRAF permiten regular el flujo del agua de lluvia, evitando inundaciones y mejorando la sostenibilidad urbana. Soluciones innovadoras para un entorno más resiliente.

#GRAFIbérica #CiudadesSostenibles #GestiónDelAgua

----
As cidades estão mudando e a gestão da água é fundamental nesse processo 🌆💧. Os sistemas de retenção e de aproveitamento da água da chuva da GRAF permitem regular o fluxo da água pluvial, evitando inundações e melhorando a sustentabilidade urbana. Soluções inovadoras para um ambiente mais resiliente.

#GRAFIbérica #CidadesSustentáveis #GestãoDaÁgua",#GRAFIbérica #CiudadesSostenibles #GestiónDelAgua #GRAFIbérica #CidadesSustentáveis #GestãoDaÁgua
"Wed, 30 Apr 2025 08:02:13 GMT","Los separadores oneSepa de GRAF son la solución perfecta para la gestión de aguas contaminadas con hidrocarburos ⚙️💧. Diseñados para filtrar aceites y grasas de aguas residuales, cumplen con los estándares ambientales más exigentes, asegurando una descarga segura.

#GRAFIbérica #SeparadoresDeAgua #ProtecciónDelMedioAmbiente

----
Os separadores oneSepa da GRAF são a solução perfeita para a gestão de águas contaminadas com hidrocarbonetos ⚙️💧. Projetados para filtrar óleos e gorduras das águas residuais, cumprem os padrões ambientais mais rigorosos, garantindo uma descarga segura.

#GRAFIbérica #SeparadoresDeÁgua #ProteçãoDoMeioAmbiente",#GRAFIbérica #SeparadoresDeAgua #ProtecciónDelMedioAmbiente #GRAFIbérica #SeparadoresDeÁgua #ProteçãoDoMeioAmbiente
"Mon, 28 Apr 2025 08:02:17 GMT","Más que productos, en GRAF ofrecemos soluciones 🌎🔍. Nuestra red de expertos asesora a clientes de más de 80 países, diseñando sistemas a medida para la gestión del agua, almacenamiento y tratamiento de residuos.

#GRAFIbérica #Asesoramiento #SolucionesSostenibles

-----
Mais que produtos, na GRAF oferecemos soluções 🌎🔍. Nossa rede de especialistas assessora clientes em mais de 80 países, projetando sistemas sob medida para a gestão da água, armazenamento e tratamento de resíduos.

#GRAFIbérica #Assessoria #SoluçõesSustentáveis",#GRAFIbérica #Asesoramiento #SolucionesSostenibles #GRAFIbérica #Assessoria #SoluçõesSustentáveis
"Thu, 24 Apr 2025 08:02:47 GMT","La innovación impulsa la sostenibilidad 💡🌱

En GRAF desarrollamos soluciones avanzadas para la gestión del agua, respaldadas por más de 200 patentes y modelos de utilidad. Este esfuerzo constante por innovar nos permite ofrecer sistemas más eficientes, sostenibles y adaptados a los desafíos del presente y del futuro.

Cada solución que desarrollamos refleja nuestro compromiso con la calidad, el medioambiente y el uso inteligente de los recursos naturales.

#DíaMundialDeLaPropiedadIntelectual #GRAFIbérica
-----
A inovação impulsiona a sustentabilidade 💡🌱

Na GRAF desenvolvemos soluções avançadas para a gestão da água, respaldadas por mais de 200 patentes e modelos de utilidade. Este esforço contínuo por inovar permite-nos oferecer sistemas mais eficientes, sustentáveis e adaptados aos desafios do presente e do futuro.

Cada solução que desenvolvemos reflete o nosso compromisso com a qualidade, o meio ambiente e o uso inteligente dos recursos naturais.

#DiaMundialDaPropriedadeIntelectual #GRAFIbérica",#DíaMundialDeLaPropiedadIntelectual #GRAFIbérica #DiaMundialDaPropriedadeIntelectual #GRAFIbérica
"Tue, 22 Apr 2025 08:02:28 GMT","En GRAF llevamos más de 50 años innovando en la gestión del agua y los residuos ♻️🏡. Desde depósitos soterrados hasta soluciones para tratamiento de aguas residuales, cada producto está diseñado con tecnología alemana de alta calidad. Una historia de compromiso con la sostenibilidad.

#GRAFIbérica #Innovación #CompromisoVerde
-----
Na GRAF, há mais de 50 anos inovamos na gestão da água e resíduos ♻️🏡. Desde depósitos subterrâneos até soluções para tratamento de águas residuais, cada produto é projetado com tecnologia alemã de alta qualidade. Uma história de compromisso com a sustentabilidade.

#GRAFIbérica #Inovação #CompromissoVerde",#GRAFIbérica #Innovación #CompromisoVerde #GRAFIbérica #Inovação #CompromissoVerde
"Fri, 18 Apr 2025 08:02:37 GMT","Crear compost en casa no solo es una forma de reducir residuos, también mejora la salud del suelo y del jardín 🌱. Pero para obtener un compost de calidad, es clave empezar bien desde el principio.

✅ Elige un lugar semi sombreado para evitar que se seque.
✅ Asegura una buena ventilación desde la base con ramitas.
✅ Instala el compostador directamente sobre la tierra.
✅ Alterna capas verdes, marrones y algo de tierra de jardín para activar el proceso.
💧 Revisa la humedad: debe sentirse como una esponja escurrida.
🔁 Remueve con regularidad para oxigenar el material.

El resultado: un compost oscuro, con olor a tierra, perfecto para nutrir tu jardín.

#GRAFIbérica #Compostaje
----
Fazer composto em casa não só reduz o lixo, como também melhora a saúde do solo e do jardim 🌱. Mas, para obter um composto de qualidade, é fundamental começar bem desde o início.

✅ Escolhe um local com meia sombra para evitar que seque.
✅ Garante uma boa ventilação com ramos na base.
✅ Instala o compostor diretamente sobre a terra.
✅ Alterna camadas verdes, castanhas e um pouco de terra do jardim para ativar o processo.
💧 Verifica a humidade: deve parecer uma esponja espremida.
🔁 Mexe regularmente para oxigenar o material.

O resultado: um composto escuro, com cheiro a terra, perfeito para alimentar o teu jardim.

#GRAFIbérica #Compostagem",#GRAFIbérica #Compostaje #GRAFIbérica #Compostagem
"Wed, 16 Apr 2025 10:08:18 GMT","Implementar soluciones SUDS en ciudades ayuda a reducir la sobrecarga en los sistemas de alcantarillado y a mejorar la calidad del agua 💦🏙️. En GRAF ofrecemos soluciones como tanques de retención, sistemas de filtración e infiltración para una gestión eficiente del agua de lluvia.

#GRAFIbérica #DrenajeSostenible #CiudadesResilientes

----
Implementar soluções SUDS nas cidades ajuda a reduzir a sobrecarga nos sistemas de esgoto e melhorar a qualidade da água 💦🏙️. Na GRAF, oferecemos soluções como tanques de retenção, sistemas de filtração e infiltração para uma gestão eficiente da água da chuva.

#GRAFIbérica #DrenagemSustentável #CidadesResilientes",#GRAFIbérica #DrenajeSostenible #CiudadesResilientes #GRAFIbérica #DrenagemSustentável #CidadesResilientes
"Mon, 14 Apr 2025 08:33:12 GMT","El tratamiento de aguas residuales es clave para la sostenibilidad 🌿💦. Con los sistemas de depuración de GRAF, el agua se limpia de forma eficiente, reduciendo la contaminación y permitiendo su reutilización en diversos usos.

#GRAFIbérica #AguasResiduales #Sostenibilidad

-----
O tratamento de águas residuais é essencial para a sustentabilidade 🌿💦. Com os sistemas de purificação da GRAF, a água é tratada de forma eficiente, reduzindo a poluição e permitindo sua reutilização em diversos usos.

#GRAFIbérica #ÁguasResiduais #Sustentabilidade",#GRAFIbérica #AguasResiduales #Sostenibilidad #GRAFIbérica #ÁguasResiduais #Sustentabilidade
"Thu, 10 Apr 2025 10:03:32 GMT","Del 10 al 12 de abril, GRAF Ibérica esta presente en la feria Tektónica (FIL) en Lisboa, en el pabellón 2 stand 2A17. Se trata de una de las principales ferias internacionales de construcción en Portugal, donde presentaremos nuestras soluciones sostenibles para la gestión del agua. Ven a descubrir nuestros depósitos soterrados, sistemas de infiltración, y tecnologías para el aprovechamiento de aguas pluviales. ¡Nos encantará recibirte! 💧🌍

#Tektónica #GRAFIbérica #ConstrucciónSostenible
----------
De 10 a 12 de abril, a GRAF Ibérica esta presente na feira Tektónica (FIL) em Lisboa, no pavilhão 2 stand 2A17. Trata-se de uma das principais feiras internacionais de construção em Portugal, onde apresentaremos as nossas soluções sustentáveis para a gestão da água. Venha descobrir os nossos depósitos soterrados, sistemas de infiltração e tecnologias para aproveitamento de águas pluviais. Será um prazer recebê-lo! 💧🌍

#Tektónica #GRAFIbérica #ConstruçãoSustentável",#Tektónica #GRAFIbérica #ConstrucciónSostenible #Tektónica #GRAFIbérica #ConstruçãoSustentável
"Wed, 09 Apr 2025 08:02:49 GMT","Los sistemas de drenaje sostenible como EcoBloc de GRAF ayudan a mitigar el impacto de las lluvias torrenciales 🌧️⚠️. Su diseño modular permite adaptar la capacidad de almacenamiento según las necesidades del terreno, evitando daños por inundaciones.

#GRAFIbérica #SUDS #PrevenciónDeInundaciones

----
Os sistemas de drenagem sustentável, como o EcoBloc da GRAF, ajudam a mitigar o impacto das chuvas torrenciais 🌧️⚠️. Seu design modular permite adaptar a capacidade de armazenamento de acordo com as necessidades do terreno, evitando danos por inundações.

#GRAFIbérica #SUDS #PrevençãoDeInundações",#GRAFIbérica #SUDS #PrevenciónDeInundaciones #GRAFIbérica #SUDS #PrevençãoDeInundações
"Tue, 08 Apr 2025 08:01:51 GMT","En un nuevo centro logístico cerca de Zaragoza, de 286.000 m² 🏗️, se han instalado 30 depósitos de infiltración para gestionar de forma sostenible las aguas pluviales 🌧️. La solución incluye 22.400 módulos EcoBloc maxx, que permiten infiltrar más de 5.000 m³, incluso en condiciones de escasa disponibilidad de espacio.

Los depósitos EcoBloc maxx, compatibles con arquetas Vario 800 flex, destacan por su resistencia hasta 40 t 🚛, su vida útil de 50 años y su eficiencia logística gracias al diseño apilable. Una solución eficaz para mitigar los efectos de la impermeabilización y reducir los caudales punta.

#GestiónSostenible #GRAFIbérica
-----
Num novo centro logístico nos arredores de Saragoça, com 286.000 m² 🏗️, foram instalados 30 depósitos de infiltração para gerir de forma sustentável as águas pluviais 🌧️. A solução inclui 22.400 módulos EcoBloc maxx, capazes de infiltrar mais de 5.000 m³, mesmo em condições de espaço limitado.

Os depósitos EcoBloc maxx, compatíveis com as caixas Vario 800 flex, destacam-se pela resistência até 40 t 🚛, vida útil de 50 anos e eficiência logística graças ao design empilhável. Uma solução eficaz para mitigar os efeitos da impermeabilização e reduzir os caudais de pico.

#GestãoSustentável #GRAFIbérica",#GestiónSostenible #GRAFIbérica #GestãoSustentável #GRAFIbérica
"Mon, 07 Apr 2025 08:02:47 GMT","El acceso al agua limpia y segura es un pilar fundamental para la salud pública. En GRAF, desarrollamos soluciones eficientes para el tratamiento y la reutilización del agua, ayudando a preservar este recurso vital y protegiendo tanto a las personas como al medioambiente. 💧🌍

Comprometidos con un futuro más saludable y sostenible.

#DíaMundialDeLaSalud #GRAFIbérica
------
O acesso à água limpa e segura é um pilar fundamental para a saúde pública. Na GRAF, desenvolvemos soluções eficientes para o tratamento e a reutilização da água, ajudando a preservar este recurso vital e protegendo tanto as pessoas como o meio ambiente. 💧🌍

Comprometidos com um futuro mais saudável e sustentável.

#DiaMundialDaSaúde #GRAFIbérica",#DíaMundialDeLaSalud #GRAFIbérica #DiaMundialDaSaúde #GRAFIbérica
"Fri, 04 Apr 2025 08:01:58 GMT","Los glaciares almacenan cerca del 70 % del agua dulce del planeta 🌍, pero su retroceso por el cambio climático amenaza el suministro en muchas regiones. Para 2100 podrían desaparecer hasta el 80 % de los glaciares alpinos. ¿Cómo garantizamos entonces el agua potable del futuro?

La solución pasa por un uso más inteligente del agua: sistemas de recuperación de agua de lluvia 💧, infiltración y retención, uso doméstico eficiente y riego agrícola sostenible. Proteger los glaciares es urgente, pero también lo es cambiar nuestra forma de gestionar el recurso más valioso: el agua.

#AguaSostenible #GRAFIbérica
-----
Os glaciares armazenam cerca de 70 % da água doce do planeta 🌍, mas o seu recuo devido às alterações climáticas ameaça o abastecimento em muitas regiões. Até 2100, 80 % dos glaciares alpinos podem desaparecer. Como garantir então a água potável no futuro?

A resposta passa por uma gestão mais inteligente da água: sistemas de aproveitamento da água da chuva 💧, infiltração e retenção, uso doméstico eficiente e irrigação agrícola sustentável. Proteger os glaciares é urgente, mas também é essencial mudar a nossa forma de gerir o recurso mais precioso: a água.

#ÁguaSustentável #GRAFIbérica",#AguaSostenible #GRAFIbérica #ÁguaSustentável #GRAFIbérica
"Mon, 31 Mar 2025 08:13:00 GMT","Convertir plástico reciclado en productos sostenibles es posible con GRAF ♻️🏭. Nuestro innovador proceso de reciclaje permite fabricar depósitos y sistemas de drenaje eficientes con el menor impacto ambiental. Apostamos por una economía circular que reduce residuos y transforma materiales en soluciones para el futuro.

#GRAFIbérica #ReciclajeInnovador #Sostenibilidad 
----
Transformar plástico reciclado em produtos sustentáveis é possível com a GRAF ♻️🏭. Nosso inovador processo de reciclagem permite fabricar depósitos e sistemas de drenagem eficientes com o menor impacto ambiental. Apostamos por uma economia circular que reduz resíduos e transforma materiais em soluções para o futuro.

#GRAFIbérica #ReciclagemInovadora #Sustentabilidade",#GRAFIbérica #ReciclajeInnovador #Sostenibilidad #GRAFIbérica #ReciclagemInovadora #Sustentabilidade
"Thu, 27 Mar 2025 08:01:25 GMT","El compromiso de GRAF con la sostenibilidad va más allá de los productos 🌍💚. Apostamos por procesos de producción eficientes, reducción de residuos plásticos y logística optimizada para minimizar la huella de carbono. Un futuro más verde empieza hoy.

#GRAFIbérica #Sostenibilidad #ProducciónResponsable

-----
O compromisso da GRAF com a sustentabilidade vai além dos produtos 🌍💚. Apostamos em processos de produção eficientes, redução de resíduos plásticos e logística otimizada para minimizar a pegada de carbono. Um futuro mais verde começa hoje.

#GRAFIbérica #Sustentabilidade #ProduçãoResponsável",#GRAFIbérica #Sostenibilidad #ProducciónResponsable #GRAFIbérica #Sustentabilidade #ProduçãoResponsável
"Wed, 26 Mar 2025 13:55:12 GMT","Hoy os esperamos en Málaga, en Connecting GAMMA.
Ven a visitarnos en el stand 29, pabellón 2. ¡Te esperamos!",
"Tue, 25 Mar 2025 09:02:09 GMT","Los separadores de grasas y aceites oneSepa de GRAF garantizan una depuración eficiente del agua residual en restaurantes, industrias y estaciones de servicio 🏭🚰. Evitan la contaminación de las redes de saneamiento, cumpliendo con la normativa y reduciendo el impacto ambiental.

#GRAFIbérica #AguasResiduais #TratamientoDeAguas

----
Os separadores de gorduras e óleos oneSepa da GRAF garantem uma purificação eficiente da água residual em restaurantes, indústrias e postos de combustível 🏭🚰. Evitam a contaminação das redes de saneamento, cumprindo as normas e reduzindo o impacto ambiental.

#GRAFIbérica #ÁguasResiduais #TratamentoDeÁguas",#GRAFIbérica #AguasResiduais #TratamientoDeAguas #GRAFIbérica #ÁguasResiduais #TratamentoDeÁguas
"Sat, 22 Mar 2025 13:04:22 GMT","💧 El agua es vida, pero también un recurso limitado que debemos proteger. En GRAF, trabajamos cada día para ofrecer soluciones sostenibles para la gestión del agua, desde el aprovechamiento de aguas pluviales hasta la retención y filtración eficiente. 🌱

Nuestra misión es clara: reducir el desperdicio de agua potable y fomentar su uso responsable en hogares, industrias y espacios urbanos. Con nuestros sistemas, cada gota cuenta y contribuye a un futuro más sostenible.

Celebremos juntos el Día Mundial del Agua cuidando este recurso esencial. ¿Cómo contribuyes tú al ahorro de agua? 💙

#DíaMundialDelAgua #GRAFIbérica #Sostenibilidad
----
💧 A água é vida, mas também um recurso limitado que devemos proteger. Na GRAF, trabalhamos todos os dias para oferecer soluções sustentáveis para a gestão da água, desde o aproveitamento de águas pluviais até à retenção e filtragem eficientes. 🌱

A nossa missão é clara: reduzir o desperdício de água potável e promover o seu uso responsável em casas, indústrias e espaços urbanos. Com os nossos sistemas, cada gota conta e contribui para um futuro mais sustentável.

Vamos celebrar juntos o Dia Mundial da Água, cuidando deste recurso essencial. Como contribui para a poupança de água? 💙

#DiaMundialDaÁgua #GRAFIbérica #Sustentabilidade",#DíaMundialDelAgua #GRAFIbérica #Sostenibilidad #DiaMundialDaÁgua #GRAFIbérica #Sustentabilidade
"Fri, 21 Mar 2025 09:02:19 GMT","🌍 Depósitos de agua de lluvia XXL: innovación y sostenibilidad

En nuestra planta de Neuried fabricamos depósitos de agua de lluvia de hasta 52.000 litros, diseñados para grandes volúmenes de almacenamiento con la máxima eficiencia. Utilizamos plástico reciclado proveniente del contenedor amarillo, apostando por la economía circular y la reducción de residuos. Además, nuestra producción es altamente sostenible, con un 70% de la energía generada por nuestra propia planta fotovoltaica. Gracias a un proceso de rotomoldeo de última generación, garantizamos depósitos de alta resistencia y durabilidad, preparados para las exigencias más altas.🌱💧

#GRAFIbérica #GestiónDelAgua #Sostenibilidad
----
🌍 Depósitos de água da chuva XXL: inovação e sustentabilidade

Na nossa fábrica de Neuried produzimos depósitos de água da chuva de até 52.000 litros, concebidos para grandes volumes de armazenamento com máxima eficiência. Utilizamos plástico reciclado proveniente do contentor amarelo, apostando na economia circular e na redução de resíduos. Além disso, a nossa produção é altamente sustentável, com 70% da energia proveniente da nossa própria central fotovoltaica. Graças a um processo de rotomoldagem de última geração, garantimos depósitos de alta resistência e durabilidade, preparados para os desafios mais exigentes.🌱💧

#GRAFIbérica #GestãoDaÁgua #Sustentabilidade",#GRAFIbérica #GestiónDelAgua #Sostenibilidad #GRAFIbérica #GestãoDaÁgua #Sustentabilidade
"Wed, 19 Mar 2025 09:01:56 GMT","Regar el jardín con agua potable ya no es necesario 🌱🚿. Con los depósitos de GRAF, es posible almacenar agua de lluvia de forma eficiente y utilizarla para el riego del jardín, reduciendo los costes y el consumo de agua potable. Una alternativa ecológica y económica que mantiene tu jardín siempre verde sin desperdiciar recursos naturales.

#GRAFIbérica #JardínSostenible #AhorroDeAgua
-----
Regar o jardim com água potável já não é necessário 🌱🚿. Com os depósitos da GRAF, é possível armazenar água da chuva de forma eficiente e usá-la para a irrigação do jardim, reduzindo os custos e o consumo de água potável. Uma alternativa ecológica e econômica que mantém seu jardim sempre verde sem desperdiçar recursos naturais.

 #GRAFIbérica #JardimSustentável #EconomiaDeÁgua",#GRAFIbérica #JardínSostenible #AhorroDeAgua #GRAFIbérica #JardimSustentável #EconomiaDeÁgua
"Mon, 17 Mar 2025 09:03:04 GMT","Aprovechar el agua de lluvia es una decisión inteligente 🌿💧. Con los depósitos Platin de GRAF, la instalación es rápida y sencilla, gracias a su mínima profundidad de instalación. Esto significa hasta un 80% menos de excavación en comparación con una cisterna cilíndrica, lo que reduce los costes y el tiempo de obra. Además, su estabilidad permite su uso en zonas con nivel freático alto, asegurando una solución eficiente y duradera.

#GRAFIbérica #GestiónDelAgua #Sostenibilidad 
----
Aproveitar a água da chuva é uma escolha inteligente 🌿💧. Com os depósitos Platin da GRAF, a instalação é rápida e simples, graças à sua mínima profundidade de instalação. Isso significa até 80% menos de escavação em comparação com uma cisterna cilíndrica, reduzindo custos e tempo de obra. Além disso, sua estabilidade permite o uso em áreas com lençol freático alto, garantindo uma solução eficiente e durável.

#GRAFIbérica #GestãoDaÁgua #Sustentabilidade",#GRAFIbérica #GestiónDelAgua #Sostenibilidad #GRAFIbérica #GestãoDaÁgua #Sustentabilidade
"Tue, 11 Mar 2025 09:02:11 GMT","🌿 La jardinera Ergo es perfecta para los amantes de la jardinería. Con su diseño modular y ergonómico.

Haz de tu jardín un espacio funcional y hermoso. 🌱

#GRAFIbérica #JardineríaErgonómica #SolucionesGARANTIA
----
🌿 A jardinagem Ergo é perfeita para quem ama cuidar das plantas. Com seu design modular e ergonômico.

Transforme seu jardim em um espaço funcional e bonito. 🌱

#GRAFIbérica #JardinagemErgonômica #SoluçõesGARANTIA",#GRAFIbérica #JardineríaErgonómica #SolucionesGARANTIA #GRAFIbérica #JardinagemErgonômica #SoluçõesGARANTIA
"Fri, 07 Mar 2025 09:02:00 GMT","🔹 En GRAF, seguimos creciendo y consolidando nuestro compromiso con la sostenibilidad y la innovación. Estas son las cifras de 2024 que nos respaldan:

💶 Facturación: 190 millones de euros.
👩‍💼👨‍💼 Equipo: 750 profesionales comprometidos.
🌍 Presencia global: en 80 países.
♻️ Compromiso ecológico: 75% de nuestros productos están fabricados con materiales reciclados.

Cada cifra refleja el esfuerzo y la dedicación de todo el equipo GRAF para seguir ofreciendo soluciones sostenibles en la gestión del agua. 🌱💧 ¡Gracias por ser parte de este camino!

#GRAFIbérica #Sostenibilidad #Innovación
----
🔹 Na GRAF, continuamos a crescer e a consolidar o nosso compromisso com a sustentabilidade e a inovação. Estes são os números que nos respaldam:

💶 Volume de negócios: 190 milhões de euros.
👩‍💼👨‍💼 Equipe: 750 profissionais comprometidos.
🌍 Presença global: em 80 países.
♻️ Compromisso ecológico: 75% dos nossos produtos são feitos com materiais reciclados.

Cada número reflete o esforço e a dedicação de toda a equipe GRAF para continuar oferecendo soluções sustentáveis na gestão da água. 🌱💧 Obrigado por fazer parte deste caminho!

#GRAFIbérica #Sustentabilidade #Inovação",#GRAFIbérica #Sostenibilidad #Innovación #GRAFIbérica #Sustentabilidade #Inovação
"Tue, 04 Mar 2025 09:54:31 GMT","Del 4 al 6 de Marzo os esperamos en SMAGUA, en Feria Zaragoza para presentar nuestras novedades y productos para la gestión del agua. Pabellón 3 Stand E-F 17-22",
"Mon, 03 Mar 2025 09:02:05 GMT","Instalación innovadora en Al-Mutlaa, Kuwait: un millón de módulos EcoBloc maxx de GRAF para un megaproyecto urbano en el desierto. 🌍

En un área del tamaño de París, esta metrópoli albergará a 400.000 personas en más de 28.000 edificios, incluyendo parques y centros de salud. Con lluvias torrenciales cada vez más frecuentes, los sistemas de infiltración de GRAF, con capacidad para gestionar hasta 200 millones de litros de agua, son clave para proteger la ciudad de inundaciones.

Gracias a su experiencia y productos certificados de alta calidad, GRAF fue elegido como proveedor exclusivo para estas innovadoras soluciones de gestión de aguas pluviales.

#Sostenibilidad #GestiónDeAguas #GRAFIbérica

----

Instalação inovadora em Al-Mutlaa, Kuwait: um milhão de módulos EcoBloc maxx da GRAF para um megaprojeto urbano no deserto. 🌍

Em uma área do tamanho de Paris, esta metrópole abrigará 400.000 pessoas em mais de 28.000 edifícios, incluindo parques e centros de saúde. Com chuvas torrenciais cada vez mais frequentes, os sistemas de infiltração da GRAF, com capacidade para gerir até 200 milhões de litros de água, são fundamentais para proteger a cidade de inundações.

Graças à sua experiência e produtos certificados de alta qualidade, a GRAF foi escolhida como fornecedora exclusiva para estas soluções inovadoras de gestão de águas pluviais.

#Sustentabilidade #GestãoDeÁguas #GRAFIbérica",#Sostenibilidad #GestiónDeAguas #GRAFIbérica #Sustentabilidade #GestãoDeÁguas #GRAFIbérica
"Thu, 27 Feb 2025 10:01:46 GMT","🏡 Optimiza tu jardín con los sistemas de riego de GRAF. Agua de lluvia almacenada, lista para dar vida a tus plantas con menos costos y más eficiencia. 🌞

#GRAFIbérica #RiegoEficiente #AguaDeLluvia

---
🏡 Otimize seu jardim com os sistemas de irrigação da GRAF. Água da chuva armazenada, pronta para dar vida às suas plantas com menos custos e mais eficiência. 🌞

#GRAFIbérica #IrrigaçãoEficiente #ÁguaDaChuva",#GRAFIbérica #RiegoEficiente #AguaDeLluvia #GRAFIbérica #IrrigaçãoEficiente #ÁguaDaChuva
"Tue, 25 Feb 2025 12:11:51 GMT","📢 ¡Nos vemos en SMAGUA 2025! 🌍💧 Del 4 al 6 de marzo, te esperamos en Feria de Zaragoza para presentarte nuestras soluciones más innovadoras en gestión de aguas. Visítanos en el pabellón 3, stand E-F/17-22 y descubre cómo podemos ayudarte a optimizar el aprovechamiento de los recursos hídricos.

¡No te lo pierdas! 🌱🔧💙

#GRAFIbérica #SMAGUA2025 #GestiónDelAgua

----
📢 Vemo-nos na SMAGUA 2025! 🌍💧 De 4 a 6 de março, esperamos por si na Feria de Zaragoza para lhe apresentar as nossas soluções mais inovadoras em gestão de águas. Visite-nos no pavilhão 3, stand E-F/17-22 e descubra como podemos ajudá-lo a otimizar o uso dos recursos hídricos.

Não perca! 🌱🔧💙

#GRAFIbérica #SMAGUA2025 #GestãoDeÁgua",#GRAFIbérica #SMAGUA2025 #GestiónDelAgua #GRAFIbérica #SMAGUA2025 #GestãoDeÁgua
"Wed, 19 Feb 2025 10:01:49 GMT","♻️ La economía circular es el futuro. En GRAF, utilizamos plásticos reciclados para crear soluciones innovadoras, promoviendo la sostenibilidad en cada etapa de producción. 🌿

#GRAFIbérica #Sostenibilidad #EconomíaCircular

----
♻️ A economia circular é o futuro. Na GRAF, utilizamos plásticos reciclados para criar soluções inovadoras, promovendo a sustentabilidade em cada etapa de produção. 🌿

#GRAFIbérica #Sustentabilidade #EconomiaCircular",#GRAFIbérica #Sostenibilidad #EconomíaCircular #GRAFIbérica #Sustentabilidade #EconomiaCircular
"Mon, 17 Feb 2025 10:01:39 GMT","🏢 Grandes proyectos, grandes soluciones. Los depósitos soterrados Carat XXL de GRAF ofrecen capacidades de hasta 122.000 litros, ideales para retención de agua, sistemas de riego y más. 🌍

#GRAFIbérica #GestiónHídrica #GrandesProyectos

----
🏢 Grandes projetos, grandes soluções. Os depósitos enterrados Carat XXL da GRAF oferecem capacidades de até 122.000 litros, ideais para retenção de água, sistemas de irrigação e mais. 🌍

#GRAFIbérica #GestãoHídrica #GrandesProjetos",#GRAFIbérica #GestiónHídrica #GrandesProyectos #GRAFIbérica #GestãoHídrica #GrandesProjetos
"Thu, 13 Feb 2025 09:40:47 GMT","💧 Cuando el espacio es limitado o el nivel freático es alto, los depósitos planos de GRAF son la mejor opción.
✔️ Instalación rápida y económica con mínima excavación.
✔️ Mayor flexibilidad en terrenos urbanizados.
✔️ Seguros ante niveles altos de aguas subterráneas.

Aprovecha el agua de lluvia de manera sostenible y sin complicaciones. 🌍

#GRAFIbérica #GestiónSostenibleDelAgua
-----
💧 Quando o espaço é limitado ou o lençol freático é alto, os depósitos planos da GRAF são a melhor opção.

✔️ Instalação rápida e econômica com escavação mínima.
✔️ Maior flexibilidade em terrenos urbanizados.
✔️ Seguros diante de níveis elevados de águas subterrâneas.

Aproveite a água da chuva de forma sustentável e sem complicações. 🌍

#GRAFIbérica #GestãoSustentávelDaÁgua",#GRAFIbérica #GestiónSostenibleDelAgua #GRAFIbérica #GestãoSustentávelDaÁgua
"Tue, 11 Feb 2025 15:24:47 GMT","🌍 Con GRAF, cada gota cuenta. Nuestros sistemas EcoBloc ayudan a reducir las inundaciones al retener e infiltrar agua de lluvia de manera eficiente. Una solución sostenible para un futuro más seguro.

#GRAFIbérica #GestiónDeTormentas #SolucionesSostenibles

----
🌍 Com a GRAF, cada gota conta. Nossos sistemas EcoBloc ajudam a reduzir inundações ao reter e infiltrar água da chuva de forma eficiente. Uma solução sustentável para um futuro mais seguro.

#GRAFIbérica #GestãoDeTormentas #SoluçõesSustentáveis",#GRAFIbérica #GestiónDeTormentas #SolucionesSostenibles #GRAFIbérica #GestãoDeTormentas #SoluçõesSustentáveis
"Fri, 07 Feb 2025 10:01:33 GMT","🌳 ¿Sabías que más del 70% de las materias primas que usamos son recicladas? En GRAF, la sostenibilidad comienza desde el diseño. Nuestros productos son 100% reciclables y diseñados para durar. ♻️
#GRAFIbérica #Sostenibilidad #InnovaciónVerde
----
🌳 Você sabia que mais de 70% das matérias-primas que usamos são recicladas? Na GRAF, a sustentabilidade começa no design. Nossos produtos são 100% recicláveis e feitos para durar. ♻️
#GRAFIbérica #Sustentabilidade #InovaçãoVerde",#GRAFIbérica #Sostenibilidad #InnovaciónVerde #GRAFIbérica #Sustentabilidade #InovaçãoVerde
"Wed, 05 Feb 2025 10:01:38 GMT","💧 En GRAF, transformamos el agua de lluvia en un recurso sostenible para el hogar y el jardín. Con nuestros sistemas de captación y gestión de agua, ahorras hasta un 50% de agua potable. 🌱 Cada gota cuenta para un planeta más verde.
#GRAFIbérica #GestiónSostenible #AguaDeLluvia
----
💧 Na GRAF, transformamos a água da chuva em um recurso sustentável para casa e jardim. Com nossos sistemas de captação e gestão de água, você economiza até 50% de água potável. 🌱 Cada gota conta para um planeta mais verde.
#GRAFIbérica #GestãoSustentável #ÁguaDaChuva",#GRAFIbérica #GestiónSostenible #AguaDeLluvia #GRAFIbérica #GestãoSustentável #ÁguaDaChuva
"Mon, 03 Feb 2025 10:01:29 GMT","Desde 1962, GRAF ha escuchado y entendido las necesidades de nuestros clientes, creciendo y evolucionando en la gestión de recursos hídricos. Con innovación y sostenibilidad como nuestros pilares, cada producto refleja nuestro compromiso con un futuro mejor.

#Innovación #GRAFIbérica
----
Desde 1962, a GRAF tem ouvido e compreendido as necessidades dos nossos clientes, crescendo e evoluindo na gestão dos recursos hídricos. Com a inovação e a sustentabilidade como nossos pilares, cada produto reflete o nosso compromisso com um futuro melhor.

#Inovação #GRAFIbérica",#Innovación #GRAFIbérica #Inovação #GRAFIbérica
"Sun, 02 Feb 2025 16:42:25 GMT","🌍 #DíaMundialDeLosHumedales Los humedales son ecosistemas esenciales para la biodiversidad, el equilibrio hídrico y la mitigación del cambio climático. En GRAF, trabajamos cada día para proteger los recursos hídricos mediante soluciones innovadoras y sostenibles.

#GRAFIbérica #Sostenibilidad
----
🌍 #DiaMundialDasZonasHúmidas As zonas húmidas são ecossistemas essenciais para a biodiversidade, o equilíbrio hídrico e a mitigação das alterações climáticas. Na GRAF, trabalhamos todos os dias para proteger os recursos hídricos por meio de soluções inovadoras e sustentáveis.

#GRAFIbérica #Sustentabilidade",#DíaMundialDeLosHumedales #GRAFIbérica #Sostenibilidad #DiaMundialDasZonasHúmidas #GRAFIbérica #Sustentabilidade
"Thu, 30 Jan 2025 10:01:29 GMT","🚰 Los sistemas GRAF one2clean ofrecen una depuración hasta el 99%, asegurando un agua clara y sin olores.
💡 Ideales para viviendas, campings y proyectos comerciales, son fáciles de instalar y requieren poco mantenimiento. 🌿

#GRAFIbérica #TratamientoDeAguas #TecnologíaSostenible
----
🚰 Os sistemas GRAF one2clean oferecem uma purificação de até 99%, garantindo água clara e sem odores.
💡 Ideais para residências, campings e projetos comerciais, são fáceis de instalar e requerem pouca manutenção. 🌿

#GRAFIbérica #TratamentoDeÁguas #TecnologiaSustentável",#GRAFIbérica #TratamientoDeAguas #TecnologíaSostenible #GRAFIbérica #TratamentoDeÁguas #TecnologiaSustentável
"Fri, 24 Jan 2025 12:33:30 GMT","Los sistemas SUDS (Drenaje Urbano Sostenible) de GRAF están diseñados para mitigar el impacto de las lluvias intensas, facilitando la infiltración del agua en el suelo y previniendo inundaciones. 🌧️🌱

#DrenajeSostenible #GRAFIbérica
----
Os sistemas SUDS (Drenagem Urbana Sustentável) da GRAF foram projetados para mitigar o impacto das chuvas intensas, facilitando a infiltração da água no solo e prevenindo inundações. 🌧️🌱

#DrenagemSustentável #GRAFIbérica",#DrenajeSostenible #GRAFIbérica #DrenagemSustentável #GRAFIbérica
"Wed, 22 Jan 2025 10:01:20 GMT","El centro de competencia de GRAF en Herbolzheim es un símbolo de nuestro compromiso con la sostenibilidad. Allí reciclamos plásticos y producimos materiales de alta calidad, reduciendo más de 100.000 toneladas de emisiones de CO₂ al año. 🌱

#ProducciónSostenible #GRAFIbérica
----
O centro de competência da GRAF em Herbolzheim é um símbolo do nosso compromisso com a sustentabilidade. Lá reciclamos plásticos e produzimos materiais de alta qualidade, reduzindo mais de 100.000 toneladas de emissões de CO₂ por ano. 🌱

#ProduçãoSustentável #GRAFIbérica",#ProducciónSostenible #GRAFIbérica #ProduçãoSustentável #GRAFIbérica
"Mon, 20 Jan 2025 10:01:21 GMT","Con presencia en más de 70 países y fabricando productos en Europa, Australia y Asia, GRAF sigue expandiéndose para llevar soluciones sostenibles de gestión del agua a todo el mundo. 🌍

#ExpansiónGlobal #GRAFIbérica
----
Com presença em mais de 70 países e fabricando produtos na Europa, Austrália e Ásia, a GRAF continua a expandir-se para levar soluções sustentáveis de gestão da água a todo o mundo. 🌍

#ExpansãoGlobal #GRAFIbérica",#ExpansiónGlobal #GRAFIbérica #ExpansãoGlobal #GRAFIbérica
"Thu, 16 Jan 2025 10:01:36 GMT","El cambio climático está aquí y nuestras ciudades enfrentan retos críticos. ¿Cómo podemos aprovechar mejor el agua de lluvia? Las ciudades esponja son la respuesta: sistemas descentralizados, tejados verdes e infraestructuras azul-verde que no solo reducen inundaciones, sino que también mejoran el microclima urbano. 💧🌳

Descubre cómo el proyecto piloto en Leipzig está liderando el camino con soluciones innovadoras y sostenibles para un futuro resiliente en graf.info

#CambioClimático #CiudadesSostenibles #GRAFIbérica
----
As alterações climáticas já chegaram, e nossas cidades enfrentam desafios críticos. Como podemos aproveitar melhor a água da chuva? As cidades esponja são a resposta: sistemas descentralizados, telhados verdes e infraestruturas azul-verde que não apenas reduzem inundações, mas também melhoram o microclima urbano. 💧🌳

Descubra como o projeto piloto em Leipzig está liderando o caminho com soluções inovadoras e sustentáveis para um futuro resiliente em graf.info

#MudançaClimática #CidadesSustentáveis #GRAFIbérica",#CambioClimático #CiudadesSostenibles #GRAFIbérica #MudançaClimática #CidadesSustentáveis #GRAFIbérica
"Tue, 14 Jan 2025 10:01:23 GMT","Los packs Carat y Platin de GRAF ofrecen soluciones completas para la recuperación de agua de lluvia, integrando todos los componentes necesarios para el riego y otros usos no potables. Ahorra agua y protege el medio ambiente. 🌿

#RecuperaciónDeAgua #GRAFIbérica
----
Os packs Carat e Platin da GRAF oferecem soluções completas para a recuperação de água da chuva, integrando todos os componentes necessários para irrigação e outros usos não potáveis. Economize água e proteja o meio ambiente. 🌿

#RecuperaçãoDeÁgua #GRAFIbérica",#RecuperaciónDeAgua #GRAFIbérica #RecuperaçãoDeÁgua #GRAFIbérica
"Fri, 10 Jan 2025 10:01:13 GMT","El agua es un recurso valioso y en GRAF trabajamos cada día para protegerla. 🌍 A través de nuestros sistemas de gestión de aguas pluviales y residuales, ayudamos a preservar este recurso vital para las generaciones futuras. 💧

#PreservarElAgua #GRAFIbérica
----
A água é um recurso valioso e na GRAF trabalhamos todos os dias para protegê-la. 🌍 Através dos nossos sistemas de gestão de águas pluviais e residuais, ajudamos a preservar este recurso vital para as gerações futuras. 💧

#PreservarAÁgua #GRAFIbérica",#PreservarElAgua #GRAFIbérica #PreservarAÁgua #GRAFIbérica
"Wed, 08 Jan 2025 10:01:19 GMT","🏇 Nueva solución de tratamiento de aguas residuales en un club de polo en Soto Grande. Surgió la necesidad de habilitar una nueva área destinada a eventos. Sin conexión al sistema de saneamiento, el desafío era claro.

🔧 GRAF dimensionó e instaló una fosa filtro oneZero XL de 8.500L y una fosa filtro erdtank de 1.000L. Este sistema garantiza un tratamiento eficiente de las aguas residuales sin necesidad de conexión al alcantarillado.

👉 Descubre cómo en GRAF convertimos desafíos en soluciones innovadoras.

#GRAFIbérica #TratamientoDeAguas #SolucionesSostenibles
-----
🏇 Em um clube de polo de Soto Grande, surgiu a necessidade de criar uma nova área destinada a eventos. Sem conexão ao sistema de esgotos, o desafio era evidente.

🔧 A solução: A GRAF dimensionou e instalou uma fossa filtro oneZero XL de 8.500L e uma fossa filtro erdtank de 1.000L. Este sistema garante um tratamento eficiente das águas residuais sem necessidade de conexão à rede pública.

👉 Descubra como na GRAF transformamos desafios em soluções inovadoras.

#GRAFIbérica #TratamentoDeÁguas #SoluçõesSustentáveis",#GRAFIbérica #TratamientoDeAguas #SolucionesSostenibles #GRAFIbérica #TratamentoDeÁguas #SoluçõesSustentáveis
"Mon, 06 Jan 2025 10:01:13 GMT","En GRAF, nuestra historia está marcada por la innovación. Desde la creación de nuestros primeros depósitos para agua de lluvia en 1974 hasta las tecnologías avanzadas de hoy, seguimos evolucionando para enfrentar los retos del futuro. 🚀🌍

#InnovaciónGRAF #GRAFIbérica
----
Na GRAF, a nossa história é marcada pela inovação. Desde a criação dos nossos primeiros barris de água da chuva em 1974 até às tecnologias avançadas de hoje, continuamos a evoluir para enfrentar os desafios do futuro. 🚀🌍

#InovaçãoGRAF #GRAFIbérica",#InnovaciónGRAF #GRAFIbérica #InovaçãoGRAF #GRAFIbérica
"Thu, 02 Jan 2025 10:01:17 GMT","En GRAF, la eficiencia no solo está en nuestros productos, también en nuestro servicio. Con un rendimiento de entrega del 99%, garantizamos la disponibilidad inmediata de productos, incluso en épocas de alta demanda. 🚚💼

#LogísticaEficiente #GRAFIbérica
----
Na GRAF, a eficiência não está apenas nos nossos produtos, mas também no nosso serviço. Com um desempenho de entrega de 99%, garantimos a disponibilidade imediata de produtos, mesmo em épocas de alta procura. 🚚💼

#LogísticaEficiente #GRAFIbérica",#LogísticaEficiente #GRAFIbérica #LogísticaEficiente #GRAFIbérica
"Tue, 31 Dec 2024 10:01:32 GMT","La depuradora one2clean Plus de GRAF ofrece una solución avanzada para el tratamiento de aguas residuales. Con su módulo de control y sensores, asegura el funcionamiento continuo y eficiente, incluso en momentos de baja aportación de agua. 💧⚙️

#TratamientoDeAguas #GRAFIbérica
----
A depuradora one2clean Plus da GRAF oferece uma solução avançada para o tratamento de águas residuais. Com seu módulo de controle e sensores, garante um funcionamento contínuo e eficiente, mesmo em momentos de baixa contribuição de água. 💧⚙️

#TratamentoDeÁguas #GRAFIbérica",#TratamientoDeAguas #GRAFIbérica #TratamentoDeÁguas #GRAFIbérica
"Fri, 27 Dec 2024 10:01:20 GMT","En GRAF, cada producto que fabricamos tiene un propósito: crear un futuro más verde y sostenible. Gracias a nuestro compromiso con el reciclaje, ayudamos a reducir las emisiones de CO₂ y proteger los recursos naturales. 🌿♻️

#PlanetaVerde #GRAFIbérica
----
Na GRAF, cada produto que fabricamos tem um propósito: criar um futuro mais verde e sustentável. Graças ao nosso compromisso com a reciclagem, ajudamos a reduzir as emissões de CO₂ e proteger os recursos naturais. 🌿♻️

#PlanetaVerde #GRAFIbérica",#PlanetaVerde #GRAFIbérica #PlanetaVerde #GRAFIbérica
"Wed, 25 Dec 2024 10:02:13 GMT","🎄✨ Desde GRAF Ibérica, queremos desearte unas felices fiestas llenas de alegría, paz y sostenibilidad. Gracias por acompañarnos este año en nuestro compromiso por un planeta más verde. Que el 2025 esté lleno de grandes momentos y nuevos retos hacia un futuro más sostenible. 🌍💧

¡Felices fiestas y próspero año nuevo! 🎅🎁

#FelizNavidad #Sostenibilidad #GRAFIbérica
----
🎄✨ Da GRAF Ibérica, queremos desejar-lhe festas felizes cheias de alegria, paz e sustentabilidade. Obrigado por nos acompanhar este ano no nosso compromisso por um planeta mais verde. Que 2025 esteja cheio de grandes momentos e novos desafios rumo a um futuro mais sustentável. 🌍💧

Boas festas e um próspero ano novo! 🎅🎁

#FelizNatal #Sustentabilidade #GRAFIbérica",#FelizNavidad #Sostenibilidad #GRAFIbérica #FelizNatal #Sustentabilidade #GRAFIbérica
"Mon, 23 Dec 2024 10:01:57 GMT","Que estas fiestas estén llenas de paz, alegría y unión familiar. ¡Brindemos por un 2025 lleno de nuevos retos y soluciones innovadoras para un planeta más verde! 🎄

¡Felices Fiestas y Próspero Año Nuevo!

#GRAFIbérica
----
Que estas festas sejam cheias de paz, alegria e união familiar. Vamos brindar a um 2025 repleto de novos desafios e soluções inovadoras para um planeta mais verde! 🎄

Boas Festas e Feliz Ano Novo!

#GRAFIbérica",#GRAFIbérica #GRAFIbérica
"Sat, 21 Dec 2024 08:00:49 GMT","🌍🌱 En el Día Mundial del Suelo, recordamos la importancia de cuidar este recurso vital para nuestro planeta. El suelo es esencial para la vida, y desde GRAF, contribuimos a su protección con soluciones de gestión sostenible del agua, como los sistemas de infiltración que permiten devolver el agua de lluvia al subsuelo de manera segura y eficiente.

Protejamos el suelo hoy para garantizar un futuro más verde y saludable para todos. 💧🌿

#DíaMundialDelSuelo #ProtecciónDelSuelo #GRAFIbérica
----
🌍🌱 No Dia Mundial do Solo, lembramos a importância de cuidar deste recurso vital para o nosso planeta. O solo é essencial para a vida, e na GRAF, contribuímos para sua proteção com soluções de gestão sustentável da água, como os sistemas de infiltração que permitem devolver a água da chuva ao subsolo de forma segura e eficiente.

Protejamos o solo hoje para garantir um futuro mais verde e saudável para todos. 💧🌿

#DiaMundialDoSolo #ProteçãoDoSolo #GRAFIbérica",#DíaMundialDelSuelo #ProtecciónDelSuelo #GRAFIbérica #DiaMundialDoSolo #ProteçãoDoSolo #GRAFIbérica
"Thu, 19 Dec 2024 16:14:16 GMT","El Pack Garden Confort de GRAF es una solución integrada para la recuperación de agua de lluvia. Con filtros y bombas automáticas, garantiza un sistema eficiente y de bajo consumo energético para el riego. 💧🌿

#JardinesSostenibles #GRAFIbérica
----
O Pack Garden Confort da GRAF é uma solução integrada para a recuperação de água da chuva. Com filtros e bombas automáticas, garante um sistema eficiente e de baixo consumo energético para irrigação. 💧🌿

#JardinsSustentáveis #GRAFIbérica",#JardinesSostenibles #GRAFIbérica #JardinsSustentáveis #GRAFIbérica
"Tue, 17 Dec 2024 16:13:18 GMT","GRAF ofrece separadores de grasas eficientes para cocinas comerciales e industriales, evitando que los residuos grasos lleguen a las redes de saneamiento y cumpliendo con las normativas de vertido. 🌿💧

#SeparadoresDeGrasas #GRAFIbérica
----
A GRAF oferece separadores de gordura eficientes para cozinhas comerciais e industriais, evitando que resíduos gordurosos cheguem às redes de saneamento e cumprindo as normas de descarga. 🌿💧

#SeparadoresDeGordura #GRAFIbérica",#SeparadoresDeGrasas #GRAFIbérica #SeparadoresDeGordura #GRAFIbérica
"Fri, 13 Dec 2024 16:11:21 GMT","El reciclaje es parte fundamental de nuestro ADN en GRAF. Nuestros productos están fabricados con hasta un 70% de materiales reciclados, ayudando a reducir las emisiones de CO₂ y protegiendo los recursos naturales. ♻️🌍

#ReciclajeResponsable #GRAFIbérica
----
A reciclagem é parte fundamental do nosso ADN na GRAF. Nossos produtos são fabricados com até 70% de materiais reciclados, ajudando a reduzir as emissões de CO₂ e protegendo os recursos naturais. ♻️🌍

#ReciclagemResponsável #GRAFIbérica",#ReciclajeResponsable #GRAFIbérica #ReciclagemResponsável #GRAFIbérica
"Wed, 11 Dec 2024 16:12:26 GMT","Con los túneles de infiltración GRAF, puedes gestionar el agua de lluvia de forma eficiente, devolviendo el agua al suelo de manera controlada. Ideal para proyectos sostenibles de urbanización y paisajismo. 🌱💧

#InfiltraciónDeAgua #GRAFIbérica
----
Com os túneis de infiltração da GRAF, você pode gerir a água da chuva de forma eficiente, devolvendo-a ao solo de forma controlada. Ideal para projetos sustentáveis de urbanização e paisagismo. 🌱💧

#InfiltraçãoDeÁgua #GRAFIbérica",#InfiltraciónDeAgua #GRAFIbérica #InfiltraçãoDeÁgua #GRAFIbérica
"Mon, 09 Dec 2024 09:02:00 GMT","Cada gota cuenta. Con los sistemas de GRAF para la recuperación y tratamiento de agua de lluvia, contribuimos a un futuro más verde y sostenible. ¡Cuidemos juntos de nuestro planeta! 🌍💧

#PorUnFuturoVerde #GRAFIbérica
----
Cada gota conta. Com os sistemas da GRAF para a recuperação e tratamento de água da chuva, contribuímos para um futuro mais verde e sustentável. Vamos cuidar juntos do nosso planeta! 🌍💧

#PorUmFuturoVerde #GRAFIbérica",#PorUnFuturoVerde #GRAFIbérica #PorUmFuturoVerde #GRAFIbérica
"Thu, 05 Dec 2024 16:08:50 GMT","Las fosas filtro oneZero de GRAF son la solución perfecta para el tratamiento de aguas residuales. Con una tecnología de filtración biológica anaeróbica, ofrecen un rendimiento eficiente sin consumo de energía. ♻️💧

#TratamientoDeAguas #GRAFIbérica
----
As fossas filtro oneZero da GRAF são a solução perfeita para o tratamento de águas residuais. Com uma tecnologia de filtração biológica anaeróbica, oferecem um desempenho eficiente sem consumo de energia. ♻️💧

#TratamentoDeÁguas #GRAFIbérica",#TratamientoDeAguas #GRAFIbérica #TratamentoDeÁguas #GRAFIbérica
"Tue, 03 Dec 2024 09:01:14 GMT","En GRAF, la calidad es nuestra prioridad. Cada producto pasa por rigurosos controles para asegurar que cumpla con nuestros altos estándares. ✅🔍 

#ControlDeCalidad #GRAFIbérica
----
Na GRAF, a qualidade é nossa prioridade. Cada produto passa por rigorosos controles para garantir que atenda aos nossos altos padrões. ✅🔍 

#ControleDeQualidade #GRAFIbérica",#ControlDeCalidad #GRAFIbérica #ControleDeQualidade #GRAFIbérica
"Fri, 29 Nov 2024 09:01:52 GMT","Los depósitos soterrados Carat de GRAF, fabricados en polietileno de alta densidad, ofrecen soluciones duraderas y eficaces para almacenar agua de lluvia. 🌧️ Con opciones que van desde 2.700 hasta 56.000 litros, son perfectos para todo tipo de instalaciones. 💧

#AlmacenamientoDeAgua #GRAFIbérica
----
Os depósitos enterrados Carat da GRAF, fabricados em polietileno de alta densidade, oferecem soluções duradouras e eficazes para armazenar água da chuva. 🌧️ Com opções de 2.700 até 56.000 litros, são perfeitos para todos os tipos de instalações. 💧

#ArmazenamentoDeÁgua #GRAFIbérica",#AlmacenamientoDeAgua #GRAFIbérica #ArmazenamentoDeÁgua #GRAFIbérica
"Wed, 27 Nov 2024 09:02:07 GMT","Las naves logísticas, ubicadas en una zona inundable de Azuqueca de Henares, requerían un sistema eficiente de drenaje para mitigar los efectos de las fuertes lluvias. GRAF Ibérica ha implementado un proyecto de infiltración que abarca una superficie total de cubiertas de 60.000m², permitiendo una mejor gestión de las aguas pluviales y reduciendo los caudales punta de vertido en episodios de tormenta.

Se instalaron dos depósitos independientes, cada uno con una altura de 1,46 metros. Gracias a esta solución, se podrán almacenar 551,81 m³ de agua de lluvia, evitando inundaciones y mejorando la infiltración al terreno. 🌧️💧

#DrenajeSostenible #GestiónDeAguas #GRAFIbérica
----
As naves logísticas, localizadas em uma zona inundável de Azuqueca de Henares, precisavam de um sistema eficiente de drenagem para mitigar os efeitos das fortes chuvas. A GRAF Ibérica implementou um projeto de infiltração que abrange uma superfície total de telhados de 60.000m², permitindo uma melhor gestão das águas pluviais e reduzindo os picos de vazão de esgoto em episódios de tempestade.

Foram instalados dois reservatórios independentes, cada um com uma altura de 1,46 m. Graças a essa solução, será possível armazenar 551,81 m³ de água da chuva, evitando inundações e melhorando a infiltração no terreno. 🌧️💧

#DrenagemSustentável #GestãoDeÁguas #GRAFIbérica",#DrenajeSostenible #GestiónDeAguas #GRAFIbérica #DrenagemSustentável #GestãoDeÁguas #GRAFIbérica
"Tue, 26 Nov 2024 09:01:35 GMT","Las depuradoras oneAdvanced de GRAF son ideales para comunidades y equipamientos que necesiten un tratamiento eficiente de aguas residuales. Con 4 ciclos con 4 fases de depuración al día, garantiza un agua depurada hasta en un 96%. 💧

#TecnologíaSBR #GRAFIbérica
----
Las depuradoras oneAdvanced da GRAF são ideais para comunidades e instalações que precisam de um tratamento eficiente de águas residuais.  Com 4 ciclos e 4 fases de depuração por dia, garantem uma água tratada em até 96%. 💧

#TecnologiaSBR #GRAFIbérica",#TecnologíaSBR #GRAFIbérica #TecnologiaSBR #GRAFIbérica
"Mon, 25 Nov 2024 09:01:37 GMT","Los separadores de hidrocarburos de GRAF están diseñados para eliminar de manera eficiente los combustibles del agua, contribuyendo a la protección del medioambiente y cumpliendo con las normativas vigentes. 🌊🌿

#GestiónDeResiduos #GRAFIbérica
----
Los separadores de hidrocarburos de GRAF están diseñados para eliminar de manera eficiente los combustibles del agua, contribuyendo a la protección del medioambiente y cumpliendo con las normativas vigentes. 🌊🌿

#GestãoDeResíduos #GRAFIbérica",#GestiónDeResiduos #GRAFIbérica #GestãoDeResíduos #GRAFIbérica
"Thu, 21 Nov 2024 09:01:58 GMT","La jardinera ERGO Quadro de GRAF combina diseño ergonómico y modular, ideal para un jardín más cómodo. Ajustable en altura y fácil de montar sin herramientas, permite un crecimiento óptimo de plantas, frutas y hierbas. 🌿

#GRAFIbérica #Jardinería
----
A jardineira Ergo da GRAF combina design ergonômico e modular. Fácil de montar e ajustar em altura, é perfeito para o crescimento ideal de plantas e ervas. 🌿

#GRAFIbérica #Jardinagem",#GRAFIbérica #Jardinería #GRAFIbérica #Jardinagem
"Wed, 20 Nov 2024 09:39:27 GMT","Este año, en GRAF celebramos 50 años desde el lanzamiento de nuestro primer depósito para la recuperación de agua de lluvia. Desde aquellos inicios en 1974, cuando revolucionamos el sector con nuestro lema “El agua de lluvia no tiene ningún coste”, hasta hoy, hemos crecido hasta convertirnos en líderes del mercado global. 🌎

Acompáñanos en este viaje y descubre cómo hemos evolucionado y continuamos innovando para un futuro sostenible. Lee el artículo completo para conocer los hitos que nos han llevado a donde estamos hoy.

#GRAFIbérica #RecuperaciónDeAguaDeLluvia #Sostenibilidad

----

Este ano, na GRAF, celebramos 50 anos desde o lançamento do nosso primeiro tanque de captação de água da chuva. Desde aqueles primeiros passos em 1974, quando revolucionamos o setor com o lema “A água da chuva não custa nada”, até hoje, crescemos até nos tornarmos líderes no mercado global. 🌎

Junte-se a nós nesta jornada e descubra como evoluímos e continuamos inovando para um futuro sustentável. Leia o artigo completo para saber mais sobre as etapas que nos trouxeram até aqui.

#GRAFIbérica #CaptaçãoDeÁguaDaChuva #Sustentabilidade",#GRAFIbérica #RecuperaciónDeAguaDeLluvia #Sostenibilidad #GRAFIbérica #CaptaçãoDeÁguaDaChuva #Sustentabilidade
"Tue, 19 Nov 2024 09:21:50 GMT","💧🚽 En el Día Mundial del Retrete, queremos destacar la importancia de un saneamiento adecuado para la salud y el medio ambiente. En GRAF, desarrollamos soluciones innovadoras para el tratamiento de aguas residuales que no solo mejoran la calidad de vida, sino que también contribuyen a la protección de los recursos hídricos.

Nuestras depuradoras, fosas filtro  y fosas sépticas son parte de la solución para un saneamiento sostenible y accesible, asegurando que el agua residual sea tratada de manera eficiente. 🌍♻️

#DíaMundialDelRetrete #SaneamientoSostenible #GRAFIbérica
----
💧🚽 No Dia Mundial do Saneamento, queremos destacar a importância de um saneamento adequado para a saúde e o meio ambiente. Na GRAF, desenvolvemos soluções inovadoras para o tratamento de águas residuais que não só melhoram a qualidade de vida, mas também contribuem para a proteção dos recursos hídricos.

Nossas depuradoras, fossas filtro e fossas sépticas fazem parte da solução para um saneamento sustentável e acessível, garantindo que as águas residuais sejam tratadas de maneira eficiente. 🌍♻️

#DiaMundialDoSaneamento #SaneamentoSustentável #GRAFIbérica",#DíaMundialDelRetrete #SaneamientoSostenible #GRAFIbérica #DiaMundialDoSaneamento #SaneamentoSustentável #GRAFIbérica
"Fri, 15 Nov 2024 09:01:39 GMT","En GRAF, la innovación es nuestro motor. Con más de 200 patentes registradas, seguimos desarrollando productos que marcan la diferencia en la gestión de recursos hídricos a nivel global. 🔬💡

#InnovaciónSostenible #GRAFIbérica
----
Na GRAF, a inovação é o nosso motor. Com mais de 200 patentes registadas, continuamos a desenvolver produtos que fazem a diferença na gestão de recursos hídricos a nível global. 🔬💡

#InovaçãoSustentável #GRAFIbérica",#InnovaciónSostenible #GRAFIbérica #InovaçãoSustentável #GRAFIbérica
"Mon, 11 Nov 2024 09:01:54 GMT","El centro de competencia de GRAF en Herbolzheim es un símbolo de nuestro compromiso con la sostenibilidad. Allí reciclamos plásticos y producimos materiales de alta calidad, reduciendo más de 100.000 toneladas de emisiones de CO₂ al año. 🌱

#ProducciónSostenible #GRAFIbérica
----
O centro de competência da GRAF em Herbolzheim é um símbolo do nosso compromisso com a sustentabilidade. Lá, reciclamos plásticos e produzimos materiais de alta qualidade, reduzindo mais de 100.000 toneladas de emissões de CO₂ por ano. 🌱

#ProduçãoSustentável #GRAFIbérica",#ProducciónSostenible #GRAFIbérica #ProduçãoSustentável #GRAFIbérica
"Thu, 07 Nov 2024 09:01:47 GMT","¿Buscas una solución sostenible y estética para tu jardín? Los depósitos decorativos de GRAF combinan diseño y funcionalidad, permitiéndote almacenar agua de lluvia sin sacrificar el estilo. 🌺💧

#DecoraciónSostenible #GRAFIbérica
-----
Procurando uma solução sustentável e estética para o seu jardim? Os tanques decorativos da GRAF combinam design e funcionalidade, permitindo-lhe armazenar água da chuva sem sacrificar o estilo. 🌺💧

#DecoraçãoSustentável #GRAFIbérica",#DecoraciónSostenible #GRAFIbérica #DecoraçãoSustentável #GRAFIbérica
"Tue, 05 Nov 2024 11:25:05 GMT","El éxito de GRAF no sería posible sin la dedicación y compromiso de nuestros más de 750 empleados a nivel mundial. 🌍 Cada uno de ellos contribuye al crecimiento sostenible de la empresa y al desarrollo de soluciones innovadoras.

#EquipoGRAF #GRAFIbérica
----
O sucesso da GRAF não seria possível sem a dedicação e compromisso dos nossos mais de 750 funcionários em todo o mundo. 🌍 Cada um deles contribui para o crescimento sustentável da empresa e o desenvolvimento de soluções inovadoras.

#EquipeGRAF #GRAFIbérica",#EquipoGRAF #GRAFIbérica #EquipeGRAF #GRAFIbérica
"Fri, 01 Nov 2024 09:01:48 GMT","Los depósitos soterrados de GRAF ofrecen una solución eficiente para almacenar agua de lluvia con sistemas completos de filtración y bombeo. Perfectos para viviendas y jardines, ahorrando en recursos y protegiendo el medio ambiente.

#Eficiencia #GRAFIbérica
----
Os depósitos enterrados da GRAF oferecem uma solução eficiente para armazenar água da chuva com sistemas completos de filtragem e bombeamento. Perfeitos para residências e jardins, economizando recursos e protegendo o meio ambiente.

#Eficiência #GRAFIbérica",#Eficiencia #GRAFIbérica #Eficiência #GRAFIbérica
"Wed, 30 Oct 2024 09:01:44 GMT","Con los túneles de infiltración GRAF, puedes gestionar el agua de lluvia de manera eficiente, devolviendo el agua al subsuelo y evitando problemas de inundaciones. Soluciones innovadoras para un futuro más verde. 🌳💧

#InfiltraciónDeAgua #GRAFIbérica
----
Com os túneis de infiltração da GRAF, você pode gerir a água da chuva de forma eficiente, devolvendo-a ao subsolo e evitando problemas de inundações. Soluções inovadoras para um futuro mais verde. 🌳💧

#InfiltraçãoDeÁgua #GRAFIbérica",#InfiltraciónDeAgua #GRAFIbérica #InfiltraçãoDeÁgua #GRAFIbérica
"Mon, 28 Oct 2024 09:02:08 GMT","Los separadores de grasas de GRAF son la solución ideal para restaurantes y cocinas industriales, eliminando residuos grasos de manera eficiente y cumpliendo con las normativas ambientales. 🌱

#GestiónDeResiduos #GRAFIbérica
----
Os separadores de gordura da GRAF são a solução ideal para restaurantes e cozinhas industriais, eliminando resíduos gordurosos de forma eficiente e cumprindo as normas ambientais. 🌱

#GestãoDeResíduos #GRAFIbérica",#GestiónDeResiduos #GRAFIbérica #GestãoDeResíduos #GRAFIbérica
"Thu, 24 Oct 2024 08:02:00 GMT","🌍🌿 Hoy es el Día Internacional contra el Cambio Climático y en GRAF reafirmamos nuestro compromiso con la sostenibilidad. Cada uno de nuestros productos está diseñado para optimizar el uso del agua, reducir las emisiones de CO₂ y contribuir a un futuro más verde.

Desde la recuperación de agua de lluvia hasta el tratamiento de aguas residuales, nuestras soluciones ayudan a mitigar el impacto del cambio climático y a proteger los recursos naturales. 💧♻️

¡Cuidemos juntos del planeta y apostemos por un mañana más sostenible! 💪

#DíaContraElCambioClimático #Sostenibilidad #GRAFIbérica
----
🌍🌿 Hoje é o Dia Internacional contra as Mudanças Climáticas e na GRAF reafirmamos o nosso compromisso com a sustentabilidade. Cada um dos nossos produtos é projetado para otimizar o uso da água, reduzir as emissões de CO₂ e contribuir para um futuro mais verde.

Desde a recuperação de água da chuva até o tratamento de águas residuais, as nossas soluções ajudam a mitigar o impacto das mudanças climáticas e a proteger os recursos naturais. 💧♻️

Cuidemos juntos do planeta e apostemos num amanhã mais sustentável! 💪

#DiaContraAsMudançasClimáticas #Sustentabilidade #GRAFIbérica",#DíaContraElCambioClimático #Sostenibilidad #GRAFIbérica #DiaContraAsMudançasClimáticas #Sustentabilidade #GRAFIbérica
"Wed, 23 Oct 2024 13:56:49 GMT","🌱Huerto urbano es la opción ideal para tener un huerto en casa, sin necesidad de tener terreno. Su diseño modular facilita la creación de un ambiente perfecto para cultivar tomates y otras verduras de forma cómoda y eficiente.

Combina esta solución con los sistemas de recolección de agua de lluvia de GRAF para un riego sostenible y un huerto más saludable. 🍅🌿

👉 https://loom.ly/vs8-JLU

#GRAFIbérica #HuertoSostenible #JardineraErgo

----
🌱A horta urbana é a opção ideal para ter uma horta em casa, sem a necessidade de ter terreno. Seu design modular facilita a criação de um ambiente perfeito para cultivar tomates e outros vegetais de forma confortável e eficiente.

Combine esta solução com os sistemas de coleta de água da chuva da GRAF para uma irrigação sustentável e uma horta mais saudável. 🍅🌿

#GRAFIbérica #HortaSustentável #JardineiraErgo",#GRAFIbérica #HuertoSostenible #JardineraErgo #GRAFIbérica #HortaSustentável #JardineiraErgo
"Fri, 18 Oct 2024 08:01:45 GMT","La sostenibilidad comienza con pequeños gestos que, juntos, generan grandes cambios. En GRAF, más del 70% de los materiales que utilizamos provienen de plástico reciclado, porque creemos que cada acción cuenta para cuidar nuestro planeta. 🌱♻️

#Sostenibilidad #GRAFIbérica
----
A sustentabilidade começa com pequenos gestos que, juntos, geram grandes mudanças. Na GRAF, mais de 70% dos materiais que utilizamos provêm de plástico reciclado, porque acreditamos que cada ação conta para cuidar do nosso planeta. 🌱♻️

#Sustentabilidade #GRAFIbérica",#Sostenibilidad #GRAFIbérica #Sustentabilidade #GRAFIbérica
"Wed, 16 Oct 2024 08:01:49 GMT","En GRAF nos especializamos en la gestión eficiente del agua desde 1962, desarrollando productos innovadores para la recuperación y tratamiento del agua de lluvia y aguas residuales. Con más de 70 países utilizando nuestras soluciones, seguimos comprometidos con la sostenibilidad y la innovación.

#Innovación #GRAFIbérica
----
Na GRAF, especializamo-nos na gestão eficiente da água desde 1962, desenvolvendo produtos inovadores para a recuperação e tratamento de águas pluviais e residuais. Com mais de 70 países utilizando nossas soluções, seguimos comprometidos com a sustentabilidade e a inovação.

#Inovação #GRAFIbérica",#Innovación #GRAFIbérica #Inovação #GRAFIbérica
"Mon, 14 Oct 2024 10:04:37 GMT","El cliente tenía una vivienda en la montaña sin acceso a la red de alcantarillado, lo que generaba la necesidad de instalar un sistema de tratamiento de aguas residuales eficiente. GRAF Ibérica instaló una fosa filtro oneZero Compact de 3.000L junto con un pack de túneles de infiltración con capacidad de 2.400L, permitiendo una gestión integral y sostenible de las aguas residuales.

Gracias a este sistema, el agua tratada se infiltra de manera segura en el terreno, garantizando un drenaje sostenible y una solución eficiente para la gestión autónoma de las aguas residuales de la vivienda.

#SolucionesSostenibles #GestiónDelAgua #GRAFIbérica
----
O cliente tinha uma casa na montanha sem acesso à rede de esgoto, o que gerou a necessidade de instalar um sistema eficiente de tratamento de águas residuais. A GRAF Ibérica instalou uma fossa filtro oneZero Compact de 3.000L juntamente com um pack de túneis de infiltração com capacidade de 2.400L, permitindo uma gestão sustentável e integrada das águas residuais.

Com este sistema, a água tratada é infiltrada de forma segura no solo, garantindo uma solução de drenagem sustentável e eficiente para a gestão autônoma das águas residuais da casa.

#SoluçõesSustentáveis #GestãoDeÁgua #GRAFIbérica",#SolucionesSostenibles #GestiónDelAgua #GRAFIbérica #SoluçõesSustentáveis #GestãoDeÁgua #GRAFIbérica
"Thu, 10 Oct 2024 08:02:49 GMT","Hoy te enseñamos cómo se monta un módulo de EcoBloc inspect de GRAF. Su diseño modular permite un ensamblaje rápido y eficiente: encaja las piezas, asegura las conexiones y coloca las cubiertas. En pocos pasos tendrás listo el sistema ideal para la gestión del agua de lluvia. ¡Mira cómo se hace! ⚙️💧

#EcoBloc #GRAFIbérica #GestiónDeAgua

---
Hoje mostramos como montar um módulo de EcoBloc inspect da GRAF. Seu design modular permite uma montagem rápida e eficiente: encaixe as peças, fixe as conexões e coloque as tampas. Em poucos passos, o sistema estará pronto para a gestão da água da chuva. Veja como é fácil! ⚙️💧

#EcoBloc #GRAFIbérica #GestãoDeÁgua",#EcoBloc #GRAFIbérica #GestiónDeAgua #EcoBloc #GRAFIbérica #GestãoDeÁgua
"Tue, 08 Oct 2024 08:01:48 GMT","En GRAF, estamos comprometidos con la reducción de nuestra huella de carbono. Nuestro centro de excelencia en materiales reciclados es un ejemplo de ello. 🌍♻️ 

#ResponsabilidadAmbiental #GRAFIbérica
----
Na GRAF, estamos comprometidos com a redução da nossa pegada de carbono. Nosso centro de excelência em materiais reciclados é um exemplo disso. 🌍♻️ 

#ResponsabilidadeAmbiental #GRAFIbérica",#ResponsabilidadAmbiental #GRAFIbérica #ResponsabilidadeAmbiental #GRAFIbérica
"Fri, 04 Oct 2024 08:02:09 GMT","Únete a nosotros en nuestro viaje hacia un futuro más verde. En GRAF, cada pequeño paso cuenta para proteger nuestro planeta. 🌱💧 

#FuturoVerde #GRAFIbérica
----
Junte-se a nós em nossa jornada rumo a um futuro mais verde. Na GRAF, cada pequeno passo conta para proteger nosso planeta. 🌱💧 

#FuturoVerde #GRAFIbérica",#FuturoVerde #GRAFIbérica #FuturoVerde #GRAFIbérica
"Tue, 01 Oct 2024 15:21:37 GMT","Del 1 al 3 de octubre, GRAF Ibérica estará presente en el pabellón 6 stand F148 en Iberflora de Valencia, donde expondremos toda nuestra gama de productos para el jardín. Descubre nuestras soluciones sostenibles para la gestión del agua y embellece tu jardín con nuestros depósitos decorativos y sistemas de riego eficiente. ¡Te esperamos! 🌿💧

#Iberflora #GRAFIbérica #JardineríaSostenible

----
De 1 a 3 de outubro, a GRAF Ibérica estará presente na Iberflora em Valência, onde exibiremos toda a nossa gama de produtos para o jardim. Descubra nossas soluções sustentáveis para a gestão da água e embeleze seu jardim com nossos depósitos decorativos e sistemas de irrigação eficiente. Esperamos por você! 🌿💧

#Iberflora #GRAFIbérica #JardinagemSustentável",#Iberflora #GRAFIbérica #JardineríaSostenible #Iberflora #GRAFIbérica #JardinagemSustentável
"Mon, 30 Sep 2024 08:50:18 GMT","Nos enorgullece ser líderes en el mercado de la gestión de agua de lluvia. Con GRAF, obtienes productos que cumplen con los más altos estándares de calidad. 🥇💦 

#Liderazgo #GRAFIbérica
----
Nos orgulhamos de ser líderes no mercado de gestão de água da chuva. Com a GRAF, você obtém produtos que cumprem com os mais altos padrões de qualidade. 🥇💦

 #Liderança #GRAFIbérica",#Liderazgo #GRAFIbérica #Liderança #GRAFIbérica
"Thu, 26 Sep 2024 16:36:02 GMT","Hoy, en la Feria @Enerh2o en Portugal, GRAF Ibérica presenta su conferencia sobre Sistemas Urbanos de Drenaje Sostenible (SUDS). 🌍💧 Descubre cómo nuestras soluciones innovadoras pueden transformar la gestión del agua en las ciudades, protegiendo los recursos hídricos y mitigando el impacto ambiental. ¡No te pierdas esta oportunidad de aprender más sobre el futuro sostenible del drenaje urbano!

#SUDS #GRAFIbérica #Sostenibilidad
----
Hoje, na Feira Enerh2o em Portugal, a GRAF Ibérica apresenta a sua conferência sobre Sistemas Urbanos de Drenagem Sustentável (SUDS). 🌍💧 Descubra como nossas soluções inovadoras podem transformar a gestão da água nas cidades, protegendo os recursos hídricos e mitigando o impacto ambiental. Não perca esta oportunidade de aprender mais sobre o futuro sustentável da drenagem urbana!

#SUDS #GRAFIbérica #Sustentabilidade",#SUDS #GRAFIbérica #Sostenibilidad #SUDS #GRAFIbérica #Sustentabilidade
"Wed, 25 Sep 2024 11:41:54 GMT","El 25 y 26 de septiembre, GRAF Ibérica estará presente en la feria @enerh2o en Portugal. Presentaremos nuestra gama completa de soluciones SUDS para la gestión sostenible del agua. ¡No pierdas la oportunidad de conocer nuestras innovadoras soluciones en drenaje urbano sostenible y protección del agua! 🌍💧

#Enerh2o #GRAFIbérica #Sostenibilidad

----
Nos dias 25 e 26 de setembro, a GRAF Ibérica estará presente na feira Enerh2o em Portugal. Apresentaremos a nossa gama completa de soluções SUDS para a gestão sustentável da água. Não perca a oportunidade de conhecer nossas soluções inovadoras em drenagem urbana sustentável e proteção da água! 🌍💧

#Enerh2o #GRAFIbérica #Sustentabilidade",#Enerh2o #GRAFIbérica #Sostenibilidad #Enerh2o #GRAFIbérica #Sustentabilidade
"Mon, 16 Sep 2024 09:52:58 GMT","¿Necesitas acceder fácilmente al agua almacenada? En sistemas de superficie, un grifo o acceso superior, según el caso, es suficiente, pero para sistemas soterrados, una bomba de agua incluida en todos nuestros sistemas de recuperación asegura una extracción eficiente.

#GRAFIbérica

----

Precisas acessar facilmente a água armazenada? Em sistemas de superfície, uma torneira ou acesso superior, conforme o caso, é suficiente, mas para sistemas enterrados, uma bomba de água incluída em todos os nossos sistemas de recuperação garante uma extração eficiente.

#GRAFIbérica",#GRAFIbérica #GRAFIbérica
"Fri, 13 Sep 2024 12:22:23 GMT","Nuestro equipo de profesionales está dedicado a ofrecer el mejor servicio y soporte técnico, asegurando tu satisfacción en cada proyecto. 👩‍🔧👨‍🔧 

#EquipoProfesional #GRAFIbérica
----
Nossa equipe de profissionais está dedicada a oferecer o melhor serviço e suporte técnico, garantindo sua satisfação em cada projeto. 👩‍🔧👨‍🔧 

#EquipeProfissional #GRAFIbérica",#EquipoProfesional #GRAFIbérica #EquipeProfissional #GRAFIbérica
"Tue, 10 Sep 2024 08:36:13 GMT","GRAF apuesta por la sostenibilidad con productos fabricados en materiales reciclados. Más del 70% de nuestras materias primas provienen del reciclaje. ♻️🌍 

#EconomíaCircular #GRAFIbérica
----
A GRAF aposta na sustentabilidade com produtos fabricados em materiais reciclados. Mais de 70% de nossas matérias-primas provêm da reciclagem. ♻️🌍 

#EconomiaCircular #GRAFIbérica",#EconomíaCircular #GRAFIbérica #EconomiaCircular #GRAFIbérica
"Fri, 06 Sep 2024 10:38:49 GMT","Nuestra dedicación a la investigación y desarrollo nos permite ofrecer soluciones innovadoras que satisfacen las necesidades cambiantes de nuestros clientes. 🔬🚀 

#InvestigaciónYDesarrollo #GRAFIbérica
----
Nossa dedicação à pesquisa e desenvolvimento nos permite oferecer soluções inovadoras que satisfazem as necessidades em constante mudança de nossos clientes. 🔬🚀 

#PesquisaEDesenvolvimento #GRAFIbérica",#InvestigaciónYDesarrollo #GRAFIbérica #PesquisaEDesenvolvimento #GRAFIbérica
"Wed, 04 Sep 2024 08:09:15 GMT","En GRAF estamos comprometidos con el planeta 🌍. Más del 70% de nuestros productos están hechos de materiales reciclados, contribuyendo significativamente a la reducción de la huella de carbono y promoviendo un futuro más verde y sostenible.

#Sostenibilidad #GRAFIbérica

---

Na GRAF estamos comprometidos com o planeta 🌍. Mais de 70% dos nossos produtos são feitos de materiais reciclados, contribuindo significativamente para a redução da pegada de carbono e promovendo um futuro mais verde e sustentável.

#Sustentabilidade #GRAFIbérica",#Sostenibilidad #GRAFIbérica #Sustentabilidade #GRAFIbérica
"Mon, 02 Sep 2024 08:01:51 GMT","En GRAF, utilizamos tecnología de punta en nuestros procesos de producción para garantizar productos de alta calidad y eficiencia. 🏭🔬 

#InnovaciónTecnológica #GRAFIbérica
----
Na GRAF, utilizamos tecnologia de ponta em nossos processos de produção para garantir produtos de alta qualidade e eficiência. 🏭🔬 

#InovaçãoTecnológica #GRAFIbérica",#InnovaciónTecnológica #GRAFIbérica #InovaçãoTecnológica #GRAFIbérica
"Thu, 29 Aug 2024 08:31:18 GMT","Los túneles de infiltración de GRAF permiten una gestión sostenible de aguas pluviales, facilitando su reintegración al suelo. Soluciones eficientes para todos los entornos. 🌧️🌿 

#GestiónDeAgua #GRAFIbérica
----
Os túneis de infiltração da GRAF permitem uma gestão sustentável de águas pluviais, facilitando sua reintegração ao solo. Soluções eficientes para todos os ambientes. 🌧️🌿 

#GestãoDeÁgua #GRAFIbérica",#GestiónDeAgua #GRAFIbérica #GestãoDeÁgua #GRAFIbérica
"Tue, 27 Aug 2024 08:44:17 GMT","Desde 1962, en GRAF hemos liderado el camino en la gestión de agua de lluvia y aguas residuales. Más de 50 años de experiencia nos respaldan. 🏆💦 

#Historia #Experiencia #GRAFIbérica
----
Desde 1962, na GRAF temos liderado o caminho na gestão de água da chuva e águas residuais. Mais de 50 anos de experiência nos respaldam. 🏆💦 

#História #Experiência #GRAFIbérica",#Historia #Experiencia #GRAFIbérica #História #Experiência #GRAFIbérica
"Wed, 21 Aug 2024 08:25:15 GMT","Con el sistema one2clean de GRAF, disfruta de una depuración de aguas residuales eficiente y silenciosa. Reduce costos de instalación y mantenimiento con nuestra tecnología avanzada. 

🌱🔧 #TratamientoDeAguas #GRAFIbérica
----
Com o sistema one2clean da GRAF, desfrute de uma depuração de águas residuais eficiente e silenciosa. Reduza custos de instalação e manutenção com nossa tecnologia avançada. 

🌱🔧 #TratamentoDeÁguas #GRAFIbérica",#TratamientoDeAguas #GRAFIbérica #TratamentoDeÁguas #GRAFIbérica
"Mon, 19 Aug 2024 08:23:16 GMT","Opta por los depósitos soterrados de GRAF para una recuperación de agua de lluvia más discreta y eficiente. Con alta estabilidad y 15 años de garantía, nuestros depósitos son la solución ideal. 🌍💧 #InnovaciónYCalidad #GRAFIbérica
----
Opte pelos depósitos enterrados da GRAF para uma recuperação de água da chuva mais discreta e eficiente. Com alta estabilidade e 15 anos de garantia, nossos depósitos são a solução ideal. 🌍💧 #InovaçãoEQualidade #GRAFIbérica",#InnovaciónYCalidad #GRAFIbérica #InovaçãoEQualidade #GRAFIbérica
"Fri, 16 Aug 2024 08:02:01 GMT","La construcción de un nuevo parque comercial en Arroyomolinos (Madrid) requería la implementación de un sistema de drenaje sostenible para minimizar los caudales de escorrentía hacia las infraestructuras de saneamiento.

Para abordar este desafío, se diseñó una estructura de 516m³ utilizando bloques Ecobloc Light, con dimensiones de 22,40 x 8,00 x 2,88 metros. Esta estructura también incluye cuatro arquetas que facilitan la conexión mediante tubería hacia el depósito de infiltración de agua pluvial.

Gracias a los 516m³ de bloques Ecobloc Light, se pueden almacenar hasta 495m³ de agua, logrando así una significativa reducción de los caudales de escorrentía.

#InnovaciónGRAF #Sostenibilidad #GRAFIbérica
----
A construção de um novo parque comercial em Arroyomolinos (Madrid) exigia a implementação de um sistema de drenagem sustentável para minimizar os caudais de escoamento para as infraestruturas de saneamento.

Para enfrentar este desafio, foi projetada uma estrutura de 516m³ utilizando blocos Ecobloc Light, com dimensões de 22,40 x 8,00 x 2,88 metros. Esta estrutura também inclui quatro caixas de visita que facilitam a conexão por tubulação ao depósito de infiltração de água pluvial.

Graças aos 516m³ de blocos Ecobloc Light, é possível armazenar até 495m³ de água, conseguindo assim uma redução significativa dos caudais de escoamento.

#InovaçãoGRAF #Sustentabilidade #GRAFIbérica",#InnovaciónGRAF #Sostenibilidad #GRAFIbérica #InovaçãoGRAF #Sustentabilidade #GRAFIbérica
"Tue, 13 Aug 2024 08:01:45 GMT","En GRAF Ibérica, la precisión y la calidad son nuestros pilares fundamentales en la fabricación de nuestros depósitos soterrados. Hoy, les mostramos un vistazo exclusivo del proceso de fabricación de uno de estos depósitos, donde cada detalle cuenta para garantizar la máxima eficiencia y durabilidad. 💧🔧

#Innovación #Calidad #Sostenibilidad #GRAFIbérica
----
Na GRAF Ibérica, a precisão e a qualidade são nossos pilares fundamentais na fabricação de nossos depósitos enterrados. Hoje, mostramos uma visão exclusiva do processo de fabricação de um desses depósitos, onde cada detalhe conta para garantir a máxima eficiência e durabilidade. 💧🔧

#Inovação #Qualidade #Sustentabilidade #GRAFIbérica",#Innovación #Calidad #Sostenibilidad #GRAFIbérica #Inovação #Qualidade #Sustentabilidade #GRAFIbérica
"Fri, 09 Aug 2024 08:10:15 GMT","¿Sabías que instalar un sistema de recuperación de agua de lluvia puede reducir hasta un 50% tu consumo de agua potable? Es una opción ideal para riego, lavado y más, especialmente durante períodos de sequía.

#AhorroDeAgua #GRAFIbérica

--

Sabia que instalar um sistema de recuperação de água da chuva pode reduzir até 50% o seu consumo de água potável? É uma opção ideal para rega, lavagem e mais, especialmente durante períodos de seca.

#EconomiaDeÁgua #GRAFIbérica",#AhorroDeAgua #GRAFIbérica #EconomiaDeÁgua #GRAFIbérica
"Wed, 07 Aug 2024 08:46:23 GMT","Nuestra red global nos permite exportar a más de 70 países. GRAF está presente en los cinco continentes, llevando soluciones de calidad a cada rincón del mundo. 🌍✈️ 

#Globalización #GRAFIbérica
-----
Nossa rede global nos permite exportar para mais de 70 países. A GRAF está presente nos cinco continentes, levando soluções de qualidade a cada canto do mundo. 🌍✈️ 

#Globalização #GRAFIbérica",#Globalización #GRAFIbérica #Globalização #GRAFIbérica
"Mon, 05 Aug 2024 07:28:30 GMT","Los depósitos exteriores y decorativos de GRAF se adaptan a todos los estilos de jardín. Desde el elegante modelo Ánfora hasta el resistente modelo Rocky, encuentra el depósito perfecto para tu espacio. 🌺🏡 #DiseñoYFuncionalidad #GRAFIbérica
-----
Os depósitos exteriores e decorativos da GRAF adaptam-se a todos os estilos de jardim. Desde o elegante modelo Ânfora até o resistente modelo Rocky, encontre o depósito perfeito para o seu espaço. 🌺🏡 #DesignEFuncionalidade #GRAFIbérica",#DiseñoYFuncionalidad #GRAFIbérica #DesignEFuncionalidade #GRAFIbérica
"Wed, 31 Jul 2024 08:41:07 GMT","Protege el medio ambiente con los separadores de grasas y hidrocarburos de GRAF. Instalaciones soterradas y de fácil mantenimiento para una gestión eficiente de residuos. 🌍🔧 

#Sostenibilidad #GRAFIbérica
----
Proteja o meio ambiente com os separadores de gorduras e hidrocarbonetos da GRAF. Instalações enterradas e de fácil manutenção para uma gestão eficiente de resíduos. 🌍🔧 

#Sustentabilidade #GRAFIbérica",#Sostenibilidad #GRAFIbérica #Sustentabilidade #GRAFIbérica
"Mon, 29 Jul 2024 08:18:22 GMT","Innovación y calidad definen cada producto GRAF. Nuestros sistemas de recuperación de agua de lluvia están diseñados para maximizar la eficiencia y minimizar el impacto ambiental.

#GRAFIbérica
----

Inovação e qualidade definem cada produto GRAF. Nossos sistemas de recuperação de água da chuva são projetados para maximizar a eficiência e minimizar o impacto ambiental.

#GRAFIbérica",#GRAFIbérica #GRAFIbérica
"Fri, 26 Jul 2024 08:12:35 GMT","En GRAF Ibérica, nuestra misión es ofrecer soluciones innovadoras y sostenibles para la gestión del agua. 🌍💧 Confía en nosotros para cuidar del planeta y de tu hogar. 

#Sostenibilidad #Innovación #GRAFIbérica
----
Na GRAF Ibérica, nossa missão é oferecer soluções inovadoras e sustentáveis para a gestão da água. 🌍💧 Confie em nós para cuidar do planeta e do seu lar. 

#Sustentabilidade #Inovação #GRAFIbérica",#Sostenibilidad #Innovación #GRAFIbérica #Sustentabilidade #Inovação #GRAFIbérica
"Tue, 23 Jul 2024 14:19:36 GMT","💦🌿 Maximiza la pureza del agua con el Sistema Blue.Cycle, que mejora la calidad del agua tratada mediante filtración por arena y cloración, perfecto para cumplir con las normativas más exigentes.

#GRAFIbérica #Sostenibilidad
---
💦🌿 Maximize a pureza da água com o Sistema Blue.Cycle, que melhora a qualidade da água tratada por meio de filtração por areia e cloração, perfeito para atender às normativas mais exigentes.

#GRAFIbérica #Sustentabilidade",#GRAFIbérica #Sostenibilidad #GRAFIbérica #Sustentabilidade
"Fri, 19 Jul 2024 09:36:34 GMT","En Estepona (Málaga), un cliente enfrentaba el desafío de gestionar las aguas residuales de su finca sin conexión al alcantarillado, utilizando una fosa séptica que requería vaciado frecuente.

GRAF Ibérica ofreció una solución innovadora al instalar una depuradora one2clean Plus con el módulo +H, que incluye filtración por arena y cloración para un tratamiento eficiente del agua. Además, se añadieron 4 depósitos Carat XL para la recuperación de agua de lluvia, permitiendo al cliente utilizar hasta 40.000L de agua para usos no potables.

Con estos sistemas, el cliente ahora puede gestionar sus aguas residuales de manera autónoma y disponer de agua de lluvia suficiente para el riego de su finca. 🌱💧

#InnovaciónGRAF #Sostenibilidad #GRAFIbérica
----
Em Estepona (Málaga), um cliente enfrentava o desafio de gerir as águas residuais de sua propriedade sem conexão ao esgoto, utilizando uma fossa séptica que necessitava de esvaziamento frequente.

A GRAF Ibérica ofereceu uma solução inovadora ao instalar uma depuradora one2clean Plus com o módulo +H, que inclui filtração por areia e cloração para um tratamento eficiente da água. Além disso, foram adicionados 4 reservatórios Carat XL para a recuperação de água da chuva, permitindo ao cliente utilizar até 40.000L de água para usos não potáveis.

Com esses sistemas, o cliente agora pode gerir suas águas residuais de maneira autónoma e dispor de água da chuva suficiente para irrigação de sua propriedade. 🌱💧

#InovaçãoGRAF #Sustentabilidade #GRAFIbérica",#InnovaciónGRAF #Sostenibilidad #GRAFIbérica #InovaçãoGRAF #Sustentabilidade #GRAFIbérica
"Wed, 17 Jul 2024 08:15:18 GMT","En GRAF, cada acción cuenta. Nos esforzamos por producir soluciones que no solo resuelvan problemas reales como las inundaciones y la sequía, sino que también sean sostenibles para el medio ambiente.

#MedioAmbiente #GRAFIbérica

---

Na GRAF, cada ação conta. Esforçamo-nos por produzir soluções que não só resolvam problemas reais como inundações e secas, mas que também sejam sustentáveis para o meio ambiente.

#MeioAmbiente #GRAFIbérica",#MedioAmbiente #GRAFIbérica #MeioAmbiente #GRAFIbérica
"Mon, 15 Jul 2024 08:02:11 GMT","La depuradora oneAdvanced de GRAF es ideal para tratar aguas residuales de grandes caudales. Con tecnología avanzada y módulos opcionales, asegura un tratamiento eficiente. 💧🏢 

#AguaLimpia #GRAFIbérica
----
A depuradora oneAdvanced da GRAF é ideal para tratar águas residuais de grandes volumes. Com tecnologia avançada e módulos opcionais, garante um tratamento eficiente. 💧🏢 

#ÁguaLimpa #GRAFIbérica",#AguaLimpia #GRAFIbérica #ÁguaLimpa #GRAFIbérica
"Tue, 09 Jul 2024 11:30:54 GMT","Transforma tu jardín con nuestros depósitos decorativos, que te permiten recuperar el agua de lluvia con estilo. Son perfectos para mantener tus plantas regadas durante la sequía sin comprometer la estética.

#JardineríaSostenible #GRAFIbérica

---

Transforme seu jardim com nossos depósitos decorativos, que permitem recuperar a água da chuva com estilo. São perfeitos para manter suas plantas regadas durante a seca sem comprometer a estética.

#JardinagemSustentável #GRAFIbérica",#JardineríaSostenible #GRAFIbérica #JardinagemSustentável #GRAFIbérica
"Sun, 07 Jul 2024 07:01:17 GMT","Celebramos el Día Internacional de la Conservación del Suelo recordando la importancia de proteger este recurso vital. 🌍🌱 En GRAF, estamos comprometidos con la sostenibilidad y ofrecemos soluciones que contribuyen a la gestión responsable del agua y la preservación del suelo. ¡Un suelo saludable es clave para un futuro sostenible! 

#ConservaciónDelSuelo #Sostenibilidad #GRAFIbérica
----
Celebramos o Dia Internacional da Conservação do Solo relembrando a importância de proteger este recurso vital. 🌍🌱 Na GRAF, estamos comprometidos com a sustentabilidade e oferecemos soluções que contribuem para a gestão responsável da água e a preservação do solo. Um solo saudável é fundamental para um futuro sustentável! 

#ConservaçãoDoSolo #Sustentabilidade #GRAFIbérica",#ConservaciónDelSuelo #Sostenibilidad #GRAFIbérica #ConservaçãoDoSolo #Sustentabilidade #GRAFIbérica
"Fri, 05 Jul 2024 08:13:22 GMT","Desde 1962, GRAF ha sido pionera en soluciones para la recuperación de agua de lluvia. Nuestra experiencia nos permite ofrecer productos innovadores que ayudan a cuidar uno de los recursos más valiosos: el agua 💧.

#Innovación #GRAFIbérica

---

Desde 1962, GRAF tem sido pioneira em soluções para a recuperação de água da chuva. Nossa experiência nos permite oferecer produtos inovadores que ajudam a cuidar de um dos recursos mais valiosos: a água 💧.

#Inovação #GRAFIbérica",#Innovación #GRAFIbérica #Inovação #GRAFIbérica
"Wed, 03 Jul 2024 08:29:20 GMT","¿Te preocupa que el agua de lluvia se deteriore si no se usa rápidamente? Nuestro dimensionamiento de sistemas asegura la renovación del agua almacenada, manteniéndola fresca y reduciendo la necesidad de mantenimiento.

#MantenimientoSencillo #GRAFIbérica

---

Você está preocupado que a água da chuva se deteriore se não for usada rapidamente? Nosso dimensionamento de sistemas garante a renovação da água armazenada, mantendo-a fresca e reduzindo a necessidade de manutenção.

#ManutençãoSimples #GRAFIbérica",#MantenimientoSencillo #GRAFIbérica #ManutençãoSimples #GRAFIbérica
"Mon, 01 Jul 2024 09:33:16 GMT","Nuevas depuradoras sin electricidad easyCompact. De 1 a 6 HE.
Ya sea para una vivienda principal o secundaria, el sistema easyCompact ha sido diseñado especialmente para el tratamiento de aguas residuales domésticas cuando no es posible la conexión a la red de alcantarillado. Gracias al revolucionario medio filtrante GRAFRock, el agua se depura de forma biológica y natural.

#GRAFIbérica #SolucionesSostenibles #AguasResiduales
----
Novas estações de tratamento sem eletricidade easyCompact. De 1 a 6 HE.
Seja para uma residência principal ou secundária, o sistema easyCompact foi projetado especialmente para o tratamento de águas residuais domésticas quando não é possível a conexão à rede de esgoto. Graças ao meio filtrante revolucionário GRAFRock, a água é tratada de forma biológica e natural.

#GRAFIbérica #SoluçõesSustentáveis #ÁguasResiduais",#GRAFIbérica #SolucionesSostenibles #AguasResiduales #GRAFIbérica #SoluçõesSustentáveis #ÁguasResiduais
"Thu, 27 Jun 2024 08:16:15 GMT","Los depósitos soterrados GRAF son la solución perfecta para almacenar grandes volúmenes de agua de lluvia discretamente. Su diseño los hace ideales para instalaciones en áreas urbanas sin comprometer el espacio o el paisaje.

#SolucionesUrbanas #GRAFIbérica

---

Os depósitos subterrâneos GRAF são a solução perfeita para armazenar grandes volumes de água da chuva discretamente. Seu design os torna ideais para instalações em áreas urbanas sem comprometer o espaço ou a paisagem.

#SoluçõesUrbanas #GRAFIbérica",#SolucionesUrbanas #GRAFIbérica #SoluçõesUrbanas #GRAFIbérica
"Tue, 25 Jun 2024 07:42:14 GMT","No es necesario tratar el agua de lluvia para usos no potables. Nuestros sistemas incluyen filtros que eliminan partículas y previenen la contaminación, asegurando agua limpia para tu jardín y tareas de limpieza.

#FiltraciónEficaz #GRAFIbérica

---

Não é necessário tratar a água da chuva para usos não potáveis. Os nossos sistemas incluem filtros que eliminam partículas e previnem a contaminação, assegurando água limpa para o seu jardim e tarefas de limpeza.

#FiltragemEficaz #GRAFIbérica",#FiltraciónEficaz #GRAFIbérica #FiltragemEficaz #GRAFIbérica
"Thu, 20 Jun 2024 09:35:21 GMT","Hoy os presentamos a Andrés Gómez, nuestro Técnico Informático.
En sus tareas diarias, Andrés nos ayuda a transformarnos digitalmente y a incorporar nuevas tecnologías para fomentar el trabajo colaborativo. Con Andrés, la informática es mucho más fácil para todos!

#GRAFIbérica #TransformaciónDigital #TrabajoColaborativo
----
Apresentamos hoje Andrés Gómez, nosso Técnico de Informática.
Em suas tarefas diárias, Andrés nos ajuda a nos transformar digitalmente e a trazer novas tecnologias para promover o trabalho colaborativo. Com Andrés, a informática é muito mais fácil para todos!

#GRAFIbérica #TransformaçãoDigital #TrabalhoColaborativo",#GRAFIbérica #TransformaciónDigital #TrabajoColaborativo #GRAFIbérica #TransformaçãoDigital #TrabalhoColaborativo
"Tue, 18 Jun 2024 08:31:17 GMT","Nueva fosa filtro y fosa séptica con capacidad de 4.000L y 5.000L. Ideales para el tratamiento eficiente de aguas residuales, nuestras fosas ofrecen una solución sostenible y de alta calidad. Con una instalación sencilla y un mantenimiento mínimo, son perfectas para cualquier entorno. Consulta nuestra página web para más información.

#GRAFIbérica #SolucionesSostenibles
----
Nova fossa filtro e fossa séptica com capacidade de 4.000L e 5.000L. Ideais para o tratamento eficiente de águas residuais, as nossas fossas oferecem uma solução sustentável e de alta qualidade. Com uma instalação simples e uma manutenção mínima, são perfeitas para qualquer ambiente. Consulte o nosso sítio web para mais informações.

#GRAFIbérica #SoluçõesSustentáveis",#GRAFIbérica #SolucionesSostenibles #GRAFIbérica #SoluçõesSustentáveis
"Mon, 17 Jun 2024 06:59:15 GMT","Hoy, en el Día Mundial de Lucha contra la Desertificación y la Sequía, reflexionamos sobre la importancia de proteger nuestras tierras y recursos hídricos. En GRAF Ibérica, estamos comprometidos con la creación de soluciones sostenibles que ayudan a mitigar los efectos de la sequía y la desertificación. Nuestros sistemas de recuperación de agua de lluvia y gestión eficiente del agua son fundamentales para preservar y revitalizar los ecosistemas. Juntos, podemos construir un futuro más resiliente y sostenible. 🌍💧

#GRAFIbérica #Desertificación #Sequía #Sostenibilidad

----

Hoje, no Dia Mundial de Combate à Desertificação e à Seca, refletimos sobre a importância de proteger nossas terras e recursos hídricos. Na GRAF Ibérica, estamos comprometidos com a criação de soluções sustentáveis que ajudam a mitigar os efeitos da seca e da desertificação. Nossos sistemas de recuperação de água da chuva e gestão eficiente da água são fundamentais para preservar e revitalizar os ecossistemas. Juntos, podemos construir um futuro mais resiliente e sustentável. 🌍💧

#GRAFIbérica #Desertificação #Seca #Sustentabilidade",#GRAFIbérica #Desertificación #Sequía #Sostenibilidad #GRAFIbérica #Desertificação #Seca #Sustentabilidade
"Fri, 14 Jun 2024 10:06:01 GMT","Elegir el tamaño correcto de tu depósito de agua de lluvia es crucial para maximizar la eficiencia. En GRAF, ofrecemos asesoramiento personalizado para asegurarte de que obtengas la solución más adecuada para tus necesidades de almacenamiento de agua.

#GRAFIbérica

---

Escolher o tamanho certo do seu depósito de água da chuva é crucial para maximizar a eficiência. Na GRAF, oferecemos aconselhamento personalizado para garantir que você obtenha a solução mais adequada para suas necessidades de armazenamento de água.

#GRAFIbérica",#GRAFIbérica #GRAFIbérica
"Tue, 11 Jun 2024 11:53:48 GMT","En Baleares, hemos superado el desafío de la ubicación montañosa con una solución innovadora de GRAF 🚀💧. Instalamos dos depósitos de recuperación de agua de lluvia de 25.000L, dos depósitos de agua potable de 52.000L y depuradoras oneAdvanced para riego por aspersión. Estas medidas permitirán que las viviendas sean casi autónomas en el consumo de agua y optimicen el uso sostenible de los recursos hídricos.

#InnovaciónGRAF #Sostenibilidad #GRAFIbérica

----

Em Baleares, superamos o desafio da localização montanhosa com uma solução inovadora da GRAF 🚀💧. Instalamos dois reservatórios de recuperação de água da chuva de 25.000L, dois reservatórios de água potável de 52.000L e depuradoras oneAdvanced para irrigação por aspersão. Estas medidas permitirão que as residências sejam quase autônomas no consumo de água e otimizem o uso sustentável dos recursos hídricos.

#InovaçãoGRAF #Sustentabilidade #GRAFIbérica",#InnovaciónGRAF #Sostenibilidad #GRAFIbérica #InovaçãoGRAF #Sustentabilidade #GRAFIbérica
"Fri, 07 Jun 2024 08:06:36 GMT","¿Sabías que el agua de lluvia recogida puede utilizarse para regar jardines, limpiar el hogar o incluso en tu lavadora? Nuestros sistemas de recuperación de agua te permiten aprovechar al máximo este recurso gratuito, especialmente útil durante periodos de sequía.

#ReutilizaciónDeAgua #GRAFIbérica

---

Sabia que a água da chuva coletada pode ser usada para regar jardins, limpar a casa ou até mesmo na sua máquina de lavar? Os nossos sistemas de recuperação de água permitem que você aproveite ao máximo esse recurso gratuito, especialmente útil durante períodos de seca.

#ReutilizaçãoDeÁgua #GRAFIbérica",#ReutilizaciónDeAgua #GRAFIbérica #ReutilizaçãoDeÁgua #GRAFIbérica
"Wed, 05 Jun 2024 06:58:37 GMT","En GRAF Ibérica, celebramos el Día Mundial del Medio Ambiente 🌍 reafirmando nuestro compromiso con la protección y restauración de los ecosistemas. Nos enorgullece ofrecer soluciones innovadoras y sostenibles para la gestión del agua, fabricadas con materiales reciclados que ayudan a preservar nuestros recursos naturales. En este día, recordamos que cada acción cuenta para construir un futuro más verde y resiliente 🌱. ¡Unámonos como la 

#GRAFIbérica #MedioAmbiente
-----
Na GRAF Ibérica, celebramos o Dia Mundial do Meio Ambiente 🌍 reafirmando o nosso compromisso com a proteção e restauração dos ecossistemas. Temos orgulho de oferecer soluções inovadoras e sustentáveis para a gestão da água, fabricadas com materiais reciclados que ajudam a preservar os nossos recursos naturais. Neste dia, lembramos que cada ação conta para construir um futuro mais verde e resiliente 🌱. Unamo-nos como a

#GRAFIbérica #MeioAmbiente",#GRAFIbérica #MedioAmbiente #GRAFIbérica #MeioAmbiente
"Mon, 03 Jun 2024 14:28:21 GMT","🌧️🏡 Transforma la lluvia en una fuente de vida con nuestros sistemas de recuperación de agua de lluvia. Ideales para jardines y uso doméstico. ¡Ahorra y cuida el planeta!

#RecuperaciónDeAgua #GRAFIbérica
---
🌧️🏡 Transforme a chuva em uma fonte de vida com nossos sistemas de recuperação de água de chuva. Ideais para jardins e uso doméstico. Economize e cuide do planeta!

#RecuperaçãoDeÁgua #GRAFIbérica",#RecuperaciónDeAgua #GRAFIbérica #RecuperaçãoDeÁgua #GRAFIbérica
"Fri, 31 May 2024 15:18:25 GMT","🌿🔄 Más del 70% de los materiales que usamos en GRAF son reciclados, reafirmando nuestro compromiso con el planeta. Nuestros productos no solo gestionan el agua, sino que protegen el futuro.

#MaterialesReciclados #GRAFIbérica #ProtegeElFuturo
----
🌿🔄 Mais de 70% dos materiais que usamos na GRAF são reciclados, reafirmando nosso compromisso com o planeta. Nossos produtos não só gerenciam a água, mas protegem o futuro.

#MateriaisReciclados #GRAFIbérica #ProtegeOFuturo",#MaterialesReciclados #GRAFIbérica #ProtegeElFuturo #MateriaisReciclados #GRAFIbérica #ProtegeOFuturo
"Fri, 31 May 2024 15:12:24 GMT","CAT- Aquests darrers dies hem estat visitant de la mà de sòcies i rossello les instal·lacions de GRAFIBERICA a Girona; on ens han presentat els nous productes que incorporaran aviat a la seva ja extensa gama de productes i on a més hem rebut formació sobre ells per seguir millorant i implantant correctament el pla hidrològic de les Illes Balears en temes de depuració daigües residuals i reutilització de l’aigua, cada cop part més essencial en els temps que vivim. Felicitats per la qualitat del vostre producte i moltíssimes gràcies per l'atenció rebuda.

ESP- Estos últimos días hemos estado visitando de la mano de socias y rossello las instalaciones de GRAFIBERICA en Girona; donde nos han presentado los nuevos productos que incorporaran en breve a su ya extensa gama y donde además hemos recibido formación acerca de ellos para seguir mejorando e implantando correctamente el plan hidrológico de las Islas Baleares en temas de depuración de aguas residuales y reutilización del agua, cada vez parte más esencial en los tiempos que vivimos. 

Felicidades por la calidad de vuestro producto y muchísimas gracias por la atención recibida.

ENG- These last few days we have been visiting the GRAFIBERICA facilities in Girona with Socias y Rossello; where they have presented us the new products that they will soon incorporate into their already extensive range and where we have also received training about them to continue improving and correctly implementing the hydrological plan of the Balearic Islands in terms of wastewater purification and water reuse, increasingly an essential part of the times we live in. Congratulations on the quality of your product and thank you very much for the attention received.",
"Wed, 29 May 2024 15:19:20 GMT","🚰🔧 ¿Sabías que nuestras soluciones de tratamiento de aguas residuales pueden reducir la contaminación y reintegrar agua limpia al medio ambiente? Conoce más sobre nuestra tecnología avanzada.

#TratamientoDeAguas #GRAFIbérica
---
🚰🔧 Sabia que nossas soluções de tratamento de águas residuais podem reduzir a poluição e reintegrar água limpa ao meio ambiente? Descubra mais sobre nossa tecnologia avançada.

#TratamentoDeÁguas #GRAFIbérica",#TratamientoDeAguas #GRAFIbérica #TratamentoDeÁguas #GRAFIbérica
"Mon, 27 May 2024 15:31:08 GMT","🏠🌧️ Aprovecha al máximo cada gota con la Ánfora, un depósito de agua de lluvia decorativo que combina funcionalidad y diseño para adaptarse a cualquier estilo de jardín.

#RecolectorDeAgua #GRAFIbérica #DiseñoSostenible
----
🏠🌧️ Aproveite cada gota ao máximo com a Ânfora, um reservatório decorativo de água da chuva que combina funcionalidade e ‘design’ para se adaptar a qualquer estilo de jardim.

#ColetorDeÁgua #GRAFIbérica #DesignSustentável",#RecolectorDeAgua #GRAFIbérica #DiseñoSostenible #ColetorDeÁgua #GRAFIbérica #DesignSustentável
"Thu, 23 May 2024 15:57:37 GMT","🌧️ ¿Sabías que el agua de lluvia no es solo para los jardines? Puede ayudarte a ahorrar. Lee nuestra entrevista con el experto Dr. Walter Kolb para descubrir por qué y cómo hacerlo de la mejor manera. 🌿💧

El Dr. Walter Kolb, pionero en la recuperación de agua de lluvia y autor de ""Ahorrar agua en el jardín"", comparte su experiencia y consejos sobre este importante tema.

👉 grafiberica.com

#GRAFIbérica #RecuperaciónDeAgua #Sostenibilidad

----

🌧️ Sabia que a água da chuva não é só para os jardins? Pode ajudá-lo a poupar. Leia nossa entrevista com o especialista Dr. Walter Kolb para descobrir porquê e como fazer da melhor maneira. 🌿💧

O Dr. Walter Kolb, pioneiro na recuperação de água da chuva e autor de ""Poupar água no jardim"", compartilha sua experiência e conselhos sobre este importante tema. 

👉 grafiberica.com

#GRAFIbérica #RecuperaçãoDeÁgua #Sustentabilidade",#GRAFIbérica #RecuperaciónDeAgua #Sostenibilidad #GRAFIbérica #RecuperaçãoDeÁgua #Sustentabilidade
"Tue, 21 May 2024 11:04:48 GMT","🛢️💦 Descubre cómo nuestros depósitos de almacenamiento soterrados de agua de lluvia pueden ayudarte a reducir el uso de agua potable y a ahorrar en tu factura.

#AhorroDeAgua #GRAFIbérica #Sostenibilidad
---
🛢️💦 Descubra como nossos reservatórios subterrâneos de armazenamento de água da chuva podem ajudá-lo a reduzir o uso de água potável e economizar na sua conta.

#EconomiaDeÁgua #GRAFIbérica #Sustentabilidade",#AhorroDeAgua #GRAFIbérica #Sostenibilidad #EconomiaDeÁgua #GRAFIbérica #Sustentabilidade
"Fri, 17 May 2024 11:22:41 GMT","🔄🌍 Opta por una solución sostenible con nuestro Separador de Hidrocarburos, diseñado para prevenir la contaminación del agua por aceites y gasolina, ideal para estaciones de servicio y parkings.

#SolucionesEcológicas #GRAFIbérica
---
🔄🌍 Opte por uma solução sustentável com nosso Separador de Hidrocarbonetos, projetado para prevenir a contaminação da água por óleos e gasolina, ideal para postos de combustível e estacionamentos.

#SoluçõesSustentáveis #GRAFIbérica",#SolucionesEcológicas #GRAFIbérica #SoluçõesSustentáveis #GRAFIbérica
"Wed, 15 May 2024 15:20:16 GMT","🏗️💧 Enfrenta el cambio climático con soluciones sostenibles para la gestión del agua. En GRAF, diseñamos sistemas que previenen inundaciones y protegen ecosistemas.

#CambioClimático #GRAFIbérica #GestiónDelAgua
---
🏗️💧 Enfrente as mudanças climáticas com soluções sustentáveis para gestão da água. Na GRAF, projetamos sistemas que previnem inundações e protegem ecossistemas.

#MudançaClimática #GRAFIbérica #GestãoDaÁgua",#CambioClimático #GRAFIbérica #GestiónDelAgua #MudançaClimática #GRAFIbérica #GestãoDaÁgua
"Mon, 13 May 2024 12:04:52 GMT","En GRAF Ibérica, estamos comprometidos con la gestión sostenible del agua en zonas susceptibles a inundaciones, como el Puerto de Sagunto en Valencia. 🌍🌧 Nuestro proyecto SUDS Infiltración, implementado en un parque local, utiliza un ingenioso sistema de almacenamiento Ecobloc de cuatro niveles, con una altura total de 1,46 metros. Este sistema está diseñado para integrarse sin afectar las raíces de los árboles existentes, evitando la necesidad de trasplantes y manteniendo la belleza natural del área. 🌳💧

Con una capacidad de 355,39 m³, hemos logrado reducir significativamente el riesgo de inundaciones, mejorando la infiltración de agua en el suelo y reafirmando nuestro compromiso con el medio ambiente. 🌿🔄

#GRAFIbérica #Sostenibilidad #InnovaciónHídrica

----
Na GRAF Ibérica, estamos comprometidos com a gestão sustentável da água em zonas susceptíveis a inundações, como o Porto de Sagunto em Valência. 🌍🌧 O nosso projeto SUDS Infiltração, implementado num parque local, utiliza um engenhoso sistema de armazenamento Ecobloc de quatro níveis, com uma altura total de 1,46 metros. Este sistema está desenhado para integrar-se sem afetar as raízes das árvores existentes, evitando a necessidade de transplantes e mantendo a beleza natural da área. 🌳💧

Com uma capacidade de 355,39 m³, conseguimos reduzir significativamente o risco de inundações, melhorando a infiltração de água no solo e reafirmando o nosso compromisso com o meio ambiente. 🌿🔄

#GRAFIbérica #Sustentabilidade #InovaçãoHídrica",#GRAFIbérica #Sostenibilidad #InnovaciónHídrica #GRAFIbérica #Sustentabilidade #InovaçãoHídrica
"Thu, 09 May 2024 13:08:32 GMT","🏡🌧️ Transforma tu jardín con Woody, nuestro depósito de agua de lluvia con acabado de madera, perfecto para combinar utilidad y estética. Captura y reutiliza el agua de lluvia, reduciendo tu consumo de agua y cuidando del planeta.

#JardínSostenible #GRAFIbérica #ReutilizaAgua
---
🏡🌧️ Transforme seu jardim com o Woody, nosso reservatório de água da chuva com acabamento de madeira, perfeito para combinar utilidade e estética. Capture e reutilize a água da chuva, reduzindo seu consumo de água e cuidando do planeta.

#JardimSustentável #GRAFIbérica #ReutilizaÁgua",#JardínSostenible #GRAFIbérica #ReutilizaAgua #JardimSustentável #GRAFIbérica #ReutilizaÁgua
"Tue, 07 May 2024 13:06:24 GMT","🌍💧 El agua es un recurso precioso que merece nuestra máxima atención. En GRAF, llevamos más de 50 años innovando en la gestión del agua, desde recuperar agua de lluvia hasta tratar las aguas residuales. ¡Descubre cómo podemos ayudarte a cuidar cada gota!

#ConservaciónDelAgua #GRAFIbérica #InnovaciónAmbiental

--
🌍💧 A água é um recurso precioso que merece nossa máxima atenção. Na GRAF, temos mais de 50 anos de inovação na gestão da água, desde a recuperação de água da chuva até o tratamento de águas residuais. Descubra como podemos ajudá-lo a cuidar de cada gota!

#ConservaçãoDaÁgua #GRAFIbérica #InovaçãoAmbiental",#ConservaciónDelAgua #GRAFIbérica #InnovaciónAmbiental #ConservaçãoDaÁgua #GRAFIbérica #InovaçãoAmbiental
"Fri, 03 May 2024 12:45:22 GMT","🌊💧 Descubre el Pack Platin Garden Confort, un sistema completo de gestión de agua de lluvia que incluye bombeo y filtración triple para un riego eficiente y ecológico.

#GestiónDeAgua #GRAFIbérica #RiegoEcológico
---
🌊💧 Conheça o Pack Platin Garden Confort, um sistema completo de gestão de água da chuva que inclui bombeamento e filtragem tripla para uma irrigação eficiente e ecológica.

#GestãoDeÁgua #GRAFIbérica #IrrigaçãoEcológica",#GestiónDeAgua #GRAFIbérica #RiegoEcológico #GestãoDeÁgua #GRAFIbérica #IrrigaçãoEcológica
"Fri, 03 May 2024 10:20:38 GMT","📅 Del 2 al 5 de mayo de 2024, ¡nos vemos en @tektonica_fil en Portugal!

La feria líder del sector de la construcción se presenta como el 'marketplace' ideal para el negocio y el networking. Con 4 días llenos de oportunidades, presentaciones comerciales y seminarios, TEKTÓNICA es la plataforma perfecta para descubrir productos y servicios innovadores, explorar las últimas tendencias y forjar nuevas alianzas comerciales.

#TEKTÓNICA #GRAFIbérica
----
📅 De 2 a 5 de maio de 2024, encontramo-nos na TEKTÓNICA em Portugal!

A principal feira do setor da construção apresenta-se como o mercado ideal para negócios e networking. Com 4 dias repletos de oportunidades, apresentações comerciais e seminários, a TEKTÓNICA é a plataforma perfeita para descobrir produtos e serviços inovadores, explorar as últimas tendências e formar novas parcerias comerciais.

#TEKTÓNICA #GRAFIbérica",#TEKTÓNICA #GRAFIbérica #TEKTÓNICA #GRAFIbérica
"Thu, 02 May 2024 13:09:50 GMT","Elige entre más de 80 opciones de depósitos GRAF, perfectos para tu hogar. Con materiales 100% reciclables y una durabilidad excepcional, estos depósitos no solo capturan agua de lluvia, sino que también adornan tu jardín gracias a su diseño con macetero superior. Equipados con todo lo necesario para su instalación, optar por GRAF significa elegir sostenibilidad sin comprometer el estilo. 🌱💦 

#InnovaciónGRAF #AguaYDiseño #GRAFIbérica
---
Escolha entre mais de 80 opções de depósitos GRAF, perfeitos para sua casa. Com materiais 100% recicláveis e durabilidade excepcional, esses depósitos não só capturam água da chuva, mas também embelezam seu jardim, graças ao seu design com vaso superior. Equipados com tudo o necessário para sua instalação, optar pela GRAF significa escolher sustentabilidade sem comprometer o estilo. 🌱💦 

#InovaçãoGRAF #ÁguaEDesign #GRAFIbérica",#InnovaciónGRAF #AguaYDiseño #GRAFIbérica #InovaçãoGRAF #ÁguaEDesign #GRAFIbérica
"Mon, 29 Apr 2024 06:39:07 GMT","Innovación y eficiencia definen cada solución que ofrecemos en GRAF Ibérica. Desde sistemas de drenaje sostenible hasta avanzadas depuradoras, cada producto está diseñado pensando en el futuro. 🌱💡 Explora cómo podemos ayudarte a gestionar mejor el agua, visitando nuestra web. 

#InnovaciónGRAF #GestiónDelAgua #GRAFIbérica
----
Inovação e eficiência definem cada solução que oferecemos na GRAF Ibérica. De sistemas de drenagem sustentável a depuradoras avançadas, cada produto é projetado pensando no futuro. 🌱💡 Explore como podemos ajudá-lo a gerir melhor a água, visitando nosso site. 

#InovaçãoGRAF #GestãoDaÁgua #GRAFIbérica",#InnovaciónGRAF #GestiónDelAgua #GRAFIbérica #InovaçãoGRAF #GestãoDaÁgua #GRAFIbérica
"Fri, 26 Apr 2024 11:49:17 GMT","Las ciudades crecen y el desafío de mantener el ciclo natural del agua se intensifica. Los Sistemas Urbanos de Drenaje Sostenible (SUDS) emergen como solución clave:
🚫 Prevenir Inundaciones
💧 Mantener el Ciclo del Agua
🌿 Gestión Ecológica de la Escorrentía
🔁 Reducir la Impermeabilización del Suelo
🌊 Recargar los Acuíferos

Los SUDS nos ayudan a construir ciudades más resilientes y en armonía con el medio ambiente.

#GRAFIbérica #SUDS #GestiónDelAgua #Sostenibilidad #UrbanismoSostenible
--
As cidades crescem e o desafio de manter o ciclo natural da água se intensifica. Os Sistemas Urbanos de Drenagem Sustentável (SUDS) emergem como solução chave:

🚫 Prevenir Inundações
💧 Manter o Ciclo da Água
🌿 Gestão Ecológica do Escoamento
🔁 Reduzir a Impermeabilização do Solo
🌊 Recarregar os Aquíferos
Os SUDS nos ajudam a construir cidades mais resilientes e em harmonia com o meio ambiente.

#GRAFIbérica #SUDS #GestãoDaÁgua #Sustentabilidade #UrbanismoSustentável",#GRAFIbérica #SUDS #GestiónDelAgua #Sostenibilidad #UrbanismoSostenible #GRAFIbérica #SUDS #GestãoDaÁgua #Sustentabilidade #UrbanismoSustentável
"Wed, 24 Apr 2024 12:15:20 GMT","¿Sabías que instalar un sistema de recuperación de agua de lluvia puede reducir significativamente tu consumo de agua potable? 🌧️💡 En GRAF, te ofrecemos soluciones innovadoras para capturar, almacenar y reutilizar el agua de lluvia, permitiéndote ahorrar en tu factura de agua y contribuir a la protección del medio ambiente. Descubre cómo puedes hacer la diferencia en grafiberica.com. 💧🌍

#InnovaciónSostenible #Sostenibilidad #GRAFIbérica
 -
Você sabia que instalar um sistema de captação de água da chuva pode reduzir significativamente o seu consumo de água potável? 🌧️💡 Na GRAF, oferecemos soluções inovadoras para capturar, armazenar e reutilizar a água da chuva, permitindo que você economize na sua conta de água e contribua para a proteção do meio ambiente. Descubra como você pode fazer a diferença em grafiberica.com. 💧🌍

#InovaçãoSustentável #Sustentabilidade #GRAFIbérica",#InnovaciónSostenible #Sostenibilidad #GRAFIbérica #InovaçãoSustentável #Sustentabilidade #GRAFIbérica
"Mon, 22 Apr 2024 07:17:15 GMT","Este 22 de abril, en el Día Mundial de la Tierra 🌍, desde GRAF Ibérica, reafirmamos nuestro compromiso por un futuro sostenible. Cada solución que ofrecemos busca armonizar con nuestro entorno, promoviendo un uso responsable del agua y protegiendo nuestros recursos naturales. 💧🌱 
#DíaDeLaTierra #GRAFIbérica
----
Este 22 de abril, no Dia Mundial da Terra 🌍, da GRAF Ibérica, reafirmamos nosso compromisso por um futuro sustentável. Cada solução que oferecemos busca harmonizar com nosso ambiente, promovendo um uso responsável da água e protegendo nossos recursos naturais. 💧🌱 
#DiaDaTerra #GRAFIbérica",#DíaDeLaTierra #GRAFIbérica #DiaDaTerra #GRAFIbérica
"Thu, 18 Apr 2024 12:14:17 GMT","Afronta los desafíos de las cocinas industriales y restaurantes con nuestros separadores de grasas, diseñados para mantener las aguas libres de contaminantes y funcionando sin obstrucciones 🍳💦. Estos sistemas son esenciales para cualquier establecimiento que busque cumplir con las normativas ambientales y mantener una operación eficiente. Explora nuestras soluciones y descubre cómo podemos ayudarte a lograr una cocina más limpia y sostenible. 🌱🌎 

#SolucionesGRAF #GRAFIbérica
-
Enfrente os desafios de cozinhas industriais e restaurantes com nossos separadores de gordura, projetados para manter as águas livres de contaminantes e funcionando sem obstruções 🍳💦. Esses sistemas são essenciais para qualquer estabelecimento que busca cumprir as regulamentações ambientais e manter uma operação eficiente. Explore nossas soluções e descubra como podemos ajudá-lo a alcançar uma cozinha mais limpa e sustentável. 🌱🌎

#SoluçõesGRAF #GRAFIbérica",#SolucionesGRAF #GRAFIbérica #SoluçõesGRAF #GRAFIbérica
"Tue, 16 Apr 2024 13:07:03 GMT","Ante el cambio climático, en GRAF enfocamos cada gota. 🌍💧 Innovamos en gestión de aguas pluviales para enfrentar sequías y lluvias extremas, protegiendo recursos y ahorrando agua. Actuamos por un planeta más verde. 

Descubre más en grafiberica.com

#CambioClimático #SolucionesGRAF #GRAFIbérica

----
Perante as mudanças climáticas, na GRAF focamos em cada gota. 🌍💧 Inovamos na gestão de águas pluviais para enfrentar secas e chuvas extremas, protegendo recursos e economizando água. Agimos por um planeta mais verde. 

Saiba mais em grafiberica.com

#MudançaClimática #SoluçõesGRAF",#CambioClimático #SolucionesGRAF #GRAFIbérica #MudançaClimática #SoluçõesGRAF
"Fri, 12 Apr 2024 14:32:36 GMT","🚀 Del 15 al 21 de abril, GRAF Ibérica tiene el placer de participar en la ""Ibricks Experience"", la feria virtual del prestigioso grupo de compra. 🌐💼 

Este año, la feria amplía su duración, ofreciendo acceso exclusivo a los mejores precios y productos del mercado, desde material básico hasta soluciones innovadoras en jardinería y sostenibilidad, todo a golpe de clic.

#IbricksExperience #FeriaVirtual #InnovaciónGRAF #GRAFIbérica
----
🚀 De 15 a 21 de abril, a GRAF Ibérica tem o prazer de participar na ""Ibricks Experience"", a feira virtual do prestigioso grupo de compras. 🌐💼

Este ano, a feira estende a sua duração, oferecendo acesso exclusivo aos melhores preços e produtos do mercado, desde material básico até soluções inovadoras em jardinagem e sustentabilidade, tudo ao alcance de um clique.

#IbricksExperience #FeiraVirtual #InovaçãoGRAF #GRAFIbérica",#IbricksExperience #FeriaVirtual #InnovaciónGRAF #GRAFIbérica #IbricksExperience #FeiraVirtual #InovaçãoGRAF #GRAFIbérica
"Wed, 10 Apr 2024 12:06:33 GMT","Innovación y sostenibilidad se unen en nuestros productos hechos de materiales reciclados ♻️. Más del 70% de los materiales que usamos son reciclados, contribuyendo a un planeta más verde 🌏. 

#InnovaciónSostenible #MaterialesReciclados #PlanetaVerde #Sostenibilidad #Reciclaje #EcoFriendly #GRAFIbérica
- 
Inovação e sustentabilidade se unem em nossos produtos feitos de materiais reciclados ♻️. Mais de 70% dos materiais que usamos são reciclados, contribuindo para um planeta mais verde."" 🌏

#InovaçãoSustentável #MateriaisReciclados #PlanetaVerde #Sustentabilidade #Reciclagem #EcoAmigável #GRAFIbérica",#InnovaciónSostenible #MaterialesReciclados #PlanetaVerde #Sostenibilidad #Reciclaje #EcoFriendly #GRAFIbérica #InovaçãoSustentável #MateriaisReciclados #PlanetaVerde #Sustentabilidade #Reciclagem #EcoAmigável #GRAFIbérica
"Mon, 08 Apr 2024 12:06:31 GMT","Transforma tu hogar en un oasis sostenible con nuestros sistemas de recuperación de agua de lluvia 🌱💧. Desde sistemas soterrados hasta soluciones decorativas, tenemos la opción perfecta para cada jardín. ¡Ahorra y cuida el planeta con GRAF! 🌍 

#Sostenibilidad #AguaDeLluvia #JardínSostenible #AhorroDeAgua #VidaEco #GRAFIbérica""

- 
Transforme sua casa em um oásis sustentável com nossos sistemas de recuperação de água da chuva 🌱💧. De sistemas subterrâneos a soluções decorativas, temos a opção perfeita para cada jardim. Economize e cuide do planeta com a GRAF! 🌍 

#Sustentabilidade #ÁguaDaChuva #JardimSustentável #EconomiaDeÁgua #VidaEco #GRAFIbérica","#Sostenibilidad #AguaDeLluvia #JardínSostenible #AhorroDeAgua #VidaEco #GRAFIbérica"" #Sustentabilidade #ÁguaDaChuva #JardimSustentável #EconomiaDeÁgua #VidaEco #GRAFIbérica"
"Fri, 05 Apr 2024 14:10:46 GMT","En Tavernes de la Valldigna, hemos transformado el reto de las inundaciones con una solución innovadora de GRAF 🚀💧. Instalamos un sistema de infiltración con capacidad de 192,68 m³, mitigando eficazmente el riesgo de inundaciones. Este proyecto refleja nuestro compromiso con la sostenibilidad y la tecnología al servicio de la comunidad. 

#InnovaciónGRAF #Sostenibilidad #GRAFIbérica
----
Em Tavernes de la Valldigna, transformamos o desafio das inundações com uma solução inovadora da GRAF 🚀💧. Instalamos um sistema de infiltração com capacidade de 192,68 m³, mitigando efetivamente o risco de inundações. Este projeto reflete nosso compromisso com a sustentabilidade e a tecnologia a serviço da comunidade. 

#InovaçãoGRAF #Sustentabilidade #GRAFIbérica",#InnovaciónGRAF #Sostenibilidad #GRAFIbérica #InovaçãoGRAF #Sustentabilidade #GRAFIbérica
"Thu, 04 Apr 2024 12:08:16 GMT","Descubre la eficacia de nuestras soluciones de tratamiento de aguas residuales. En GRAF, aplicamos tecnología avanzada para garantizar un proceso eficaz y sostenible, permitiendo que el agua tratada se reintegre al medio ambiente sin riesgos. Desde depuradoras compactas para el hogar hasta soluciones industriales, tenemos la tecnología que necesitas para hacer frente a cualquier desafío de aguas residuales. Aprende más sobre cómo podemos ayudarte a lograr un futuro más limpio 💧🌍. 

#TratamientoDeAguas #Sostenibilidad #InnovaciónGRAF #GRAFIbérica

-
Descubra a eficácia de nossas soluções de tratamento de águas residuais. Na GRAF, aplicamos tecnologia avançada para garantir um processo eficaz e sustentável, permitindo que a água tratada seja reintegrada ao meio ambiente sem riscos. Desde estações de tratamento compactas para o lar até soluções industriais, temos a tecnologia de que você precisa para enfrentar qualquer desafio de águas residuais. Aprenda mais sobre como podemos ajudá-lo a alcançar um futuro mais limpo 💧🌍

#TratamentoDeÁguas #Sustentabilidade #InovaçãoGRAF #GRAFIbérica",#TratamientoDeAguas #Sostenibilidad #InnovaciónGRAF #GRAFIbérica #TratamentoDeÁguas #Sustentabilidade #InovaçãoGRAF #GRAFIbérica
"Thu, 28 Mar 2024 14:09:34 GMT","💧🌍 En GRAF, creemos en el poder de la sostenibilidad para transformar nuestro mundo. Nuestros sistemas de recuperación de agua de lluvia son un ejemplo perfecto de cómo pequeñas acciones pueden tener un gran impacto. Al implementar soluciones que aprovechan el agua de lluvia para usos no potables, no solo estás contribuyendo a conservar el ciclo natural del agua, sino que también puedes ahorrar hasta un 50% de agua potable. Este enfoque no solo beneficia al planeta, sino que también ofrece ahorros significativos, sacando partido de un recurso natural y gratuito. En GRAF, te ayudamos a ser parte de la solución hacia un futuro más verde y sostenible. 🌿💦

#SostenibilidadGRAF #AhorroDeAgua #AguaDeLluvia #FuturoSostenible
----
💧🌍Na GRAF, acreditamos no poder da sustentabilidade para transformar o nosso mundo. Nossos sistemas de recuperação de água da chuva são um exemplo perfeito de como pequenas ações podem ter um grande impacto. Ao implementar soluções que aproveitam a água da chuva para usos não potáveis, você não está apenas contribuindo para conservar o ciclo natural da água, mas também pode economizar até 50% de água potável. Essa abordagem não beneficia apenas o planeta, mas também oferece economias significativas, aproveitando um recurso natural e gratuito. Na GRAF, ajudamos você a fazer parte da solução para um futuro mais verde e sustentável. 🌿💦

#SustentabilidadeGRAF #EconomiaDeÁgua #ÁguaDaChuva #FuturoSustentável",#SostenibilidadGRAF #AhorroDeAgua #AguaDeLluvia #FuturoSostenible #SustentabilidadeGRAF #EconomiaDeÁgua #ÁguaDaChuva #FuturoSustentável
"Tue, 26 Mar 2024 14:07:12 GMT","🚀🌱 Desde sus humildes comienzos en 1970, Otto Graf y Elfriede Graf fundaron Otto Graf GmbH con una visión: revolucionar la industria con contenedores de plástico para la agricultura y aplicaciones industriales. No se limitaron a los productos iniciales; Otto Graf fue un pionero, expandiendo la empresa hacia soluciones de gestión de agua de lluvia, creando el primer barril de lluvia en 1974, e innovando con el tanque Herkules en 1997. A lo largo de los años, GRAF ha crecido, guiada por este espíritu de emprendimiento, hasta convertirse en líder global en soluciones de agua sostenibles. Celebramos no solo 60 años de éxito, sino el legado de un verdadero visionario que hizo de GRAF lo que es hoy: un sinónimo de innovación y sostenibilidad. 🌟💧

#InnovaciónGRAF #Sostenibilidad #LegadoVisionario #60AñosGRAF
----
🚀🌱 Desde seus humildes começos em 1970, Otto Graf e Elfriede Graf fundaram a Otto Graf GmbH com uma visão: revolucionar a indústria com contêineres de plástico para a agricultura e aplicações industriais. Eles não se limitaram aos produtos iniciais; Otto Graf foi um pioneiro, expandindo a empresa para soluções de gestão de água da chuva, criando o primeiro barril de chuva em 1974, e inovando com o tanque Hércules em 1997. Ao longo dos anos, a GRAF cresceu, guiada por esse espírito empreendedor, até se tornar líder global em soluções sustentáveis de água. Celebramos não apenas 60 anos de sucesso, mas o legado de um verdadeiro visionário que fez da GRAF o que é hoje: sinônimo de inovação e sustentabilidade. 🌟💧

#InovaçãoGRAF #Sustentabilidade #LegadoVisionário #60AnosGRAF",#InnovaciónGRAF #Sostenibilidad #LegadoVisionario #60AñosGRAF #InovaçãoGRAF #Sustentabilidade #LegadoVisionário #60AnosGRAF
"Fri, 22 Mar 2024 14:09:52 GMT","💧🌍El Día Mundial del Agua, una iniciativa de las @nacionesunidas, nos recuerda la importancia de concienciar e impulsar acciones para abordar la crisis global del agua y el saneamiento. En este día, nos unimos para reflexionar sobre nuestro papel en la protección y gestión sostenible de este recurso vital. Es un llamado a la acción para cada uno de nosotros, para adoptar prácticas responsables en nuestro día a día y contribuir a soluciones que aseguren el acceso al agua para todas y todos. Juntos, podemos marcar la diferencia. 💪🌏

#DíaMundialDelAgua #Sostenibilidad #AcciónPorElAgua #GRAFIbérica
----
💧🌍 O Dia Mundial da Água, uma iniciativa das Nações Unidas, nos lembra da importância de conscientizar e promover ações para enfrentar a crise global da água e do saneamento. Neste dia, nos unimos para refletir sobre o nosso papel na proteção e gestão sustentável deste recurso vital. É um chamado à ação para cada um de nós, para adotar práticas responsáveis no nosso dia a dia e contribuir para soluções que garantam o acesso à água para todos. Juntos, podemos fazer a diferença. 💪🌏

#DiaMundialDaÁgua #Sustentabilidade #AçãoPelaÁgua #GRAFIbérica",#DíaMundialDelAgua #Sostenibilidad #AcciónPorElAgua #GRAFIbérica #DiaMundialDaÁgua #Sustentabilidade #AçãoPelaÁgua #GRAFIbérica
"Wed, 20 Mar 2024 14:08:23 GMT","🌧️🏡El incremento de inundaciones debido a superficies impermeabilizadas es un desafío. En GRAF, ofrecemos soluciones de infiltración de agua de lluvia que no solo protegen tu hogar y comunidad contra inundaciones, sino que también conservan el ciclo natural del agua. Nuestros módulos de infiltración, sin necesidad de grava ni tuberías, son una solución ecológica y económica. Alivian la carga en las redes de alcantarillado y pueden significar un ahorro en las tarifas de gestión del agua.💧🍃

#DrenajeSostenible #ProtecciónContraInundaciones #SolucionesGRAF #InnovaciónEnAgua
----
🌧️🏡O aumento das inundações devido a superfícies impermeabilizadas é um desafio. Na GRAF, oferecemos soluções de infiltração de água da chuva que não apenas protegem sua casa e comunidade contra inundações, mas também preservam o ciclo natural da água. Nossos módulos de infiltração, que dispensam a necessidade de brita ou tubulações, são uma solução ecológica e econômica. Eles aliviam a carga nas redes de esgoto e podem representar uma economia nas tarifas de gestão da água. 💧🍃

#DrenagemSustentável #ProteçãoContraInundações #SoluçõesGRAF #InovaçãoEmÁgua",#DrenajeSostenible #ProtecciónContraInundaciones #SolucionesGRAF #InnovaciónEnAgua #DrenagemSustentável #ProteçãoContraInundações #SoluçõesGRAF #InovaçãoEmÁgua
"Mon, 18 Mar 2024 14:07:41 GMT","💧👕 ¿Sabías que el agua reciclada puede tener un papel crucial en tu rutina diaria sin comprometer la calidad? En GRAF, promovemos el uso inteligente y sostenible del agua, incluso en tareas como el lavado de ropa. Nuestros sistemas de recuperación de agua de lluvia permiten aprovechar este recurso natural para usos no potables, incluida tu lavadora. 🌧️🏠

#AguaReciclada #Sostenibilidad #AhorroDeAgua #GRAFIbérica
----
💧👕 Sabia que a água reciclada pode desempenhar um papel crucial na sua rotina diária sem comprometer a qualidade? Na GRAF, promovemos o uso inteligente e sustentável da água, até mesmo em tarefas como lavar roupa. Nossos sistemas de recuperação de água da chuva permitem aproveitar esse recurso natural para usos não potáveis, incluindo sua máquina de lavar. 🌧️🏠

#ÁguaReciclada #Sustentabilidade #EconomiaDeÁgua #GRAFIbérica",#AguaReciclada #Sostenibilidad #AhorroDeAgua #GRAFIbérica #ÁguaReciclada #Sustentabilidade #EconomiaDeÁgua #GRAFIbérica
"Fri, 15 Mar 2024 11:44:51 GMT","🏭💧En GRAF, transformamos los desafíos de la gestión del agua en oportunidades para la sostenibilidad y eficiencia. Nuestras soluciones están diseñadas para adaptarse a una amplia gama de necesidades industriales, desde el almacenamiento seguro de agua hasta la recuperación de agua de lluvia, pasando por sistemas de retención y soluciones contra incendios. 💼🌍

#InnovaciónGRAF #GestiónDelAgua #IndustriaSostenible #FuturoVerde
----
🏭💧Na GRAF, transformamos os desafios da gestão da água em oportunidades para a sustentabilidade e eficiência. Nossas soluções são projetadas para se adaptar a uma ampla gama de necessidades industriais, desde o armazenamento seguro de água até a recuperação de água da chuva, passando por sistemas de retenção e soluções contra incêndios. 💼🌍

#InovaçãoGRAF #GestãoDaÁgua #IndústriaSustentável #FuturoVerde",#InnovaciónGRAF #GestiónDelAgua #IndustriaSostenible #FuturoVerde #InovaçãoGRAF #GestãoDaÁgua #IndústriaSustentável #FuturoVerde
"Wed, 13 Mar 2024 14:09:30 GMT","🌍💧 Este Día Mundial del Agua, sumémonos al cambio. Cada acción cuenta en la protección de nuestro recurso más preciado: el agua. Desde reparar un grifo que gotea hasta usar agua de lluvia en casa y el jardín, hay sencillos pasos que todos podemos tomar. 🚰✅ Pequeñas acciones, grandes diferencias. Ahorrar agua es ahorrar para el futuro, y también es ahorrar en tu bolsillo. 💸🌱

Descubre más consejos y cómo GRAF te ayuda a ser parte de la solución en graf.info/es-es

#DíaMundialDelAgua #AhorroDeAgua #Sostenibilidad #GRAFIbérica
-
🌍💧 Neste Dia Mundial da Água, vamos nos unir pela mudança. Cada ação conta na proteção do nosso recurso mais precioso: a água. Desde consertar uma torneira que goteja até usar água da chuva em casa e no jardim, existem passos simples que todos podemos seguir. 🚰✅ Pequenas ações, grandes diferenças. Economizar água é investir no futuro e também no seu bolso. 💸🌱

#DiaMundialDaÁgua #EconomiaDeÁgua #Sustentabilidade #GRAFIbérica",#DíaMundialDelAgua #AhorroDeAgua #Sostenibilidad #GRAFIbérica #DiaMundialDaÁgua #EconomiaDeÁgua #Sustentabilidade #GRAFIbérica
"Mon, 11 Mar 2024 14:07:38 GMT","🌧️💧 Este mes del agua, considera la recuperación de agua de lluvia para regar tu jardín. ¡Es sostenible, económico y beneficia a tus plantas.

✅ La mejor agua para tu jardín: El agua de lluvia es naturalmente pura, sin los químicos o minerales que a menudo se encuentran en el agua del grifo, lo que la hace perfecta para tus plantas.

✅ Ahorra sin renunciar a regar: Al utilizar agua de lluvia para regar tus jardines, puedes reducir significativamente tu consumo de agua potable y, por ende, tus facturas de agua.

✅ Protege el medio ambiente: Al capturar y reutilizar el agua de lluvia, estás contribuyendo activamente a la conservación de este recurso tan preciado y reduciendo tu huella hídrica.

¡Cuidemos juntos nuestro recurso más preciado!

#graf #grafiberica #ottografgmbh #agua #aguadelluvia #recuperaciónaguadelluvia #sostenibilidad #sustainability #consumoresponsable #medioambiente

---

🌧️💧 Neste mês da água, considere recuperar a água da chuva para regar o seu jardim. É sustentável, econômico e beneficia suas plantas.

✅ A melhor água para o seu jardim: A água da chuva é naturalmente pura, sem os produtos químicos ou minerais frequentemente encontrados na água da torneira, o que a torna perfeita para as suas plantas.

✅ Economize sem abrir mão de regar: Ao utilizar a água da chuva para regar seus jardins, você pode reduzir significativamente o consumo de água potável e, consequentemente, as contas de água.

✅ Proteja o meio ambiente: Ao captar e reutilizar a água da chuva, você está contribuindo ativamente para a conservação desse precioso recurso e reduzindo sua pegada hídrica.

Vamos cuidar juntos do nosso recurso mais precioso!

#graf #grafiberica #ottografgmbh #water #waterwater #rainwaterrecovery #sustentabilidade #sustentabilidade #consumidorresponsável #meio ambiente",#graf #grafiberica #ottografgmbh #agua #aguadelluvia #recuperaciónaguadelluvia #sostenibilidad #sustainability #consumoresponsable #medioambiente #graf #grafiberica #ottografgmbh #water #waterwater #rainwaterrecovery #sustentabilidade #sustentabilidade #consumidorresponsável #meio
"Fri, 08 Mar 2024 14:11:16 GMT","🌍💧 En el Día Internacional de la Mujer, queremos reflexionar sobre el papel crucial que desempeñan las mujeres en la gestión del agua en todo el mundo. En comunidades donde el acceso al agua limpia es limitado, las mujeres y las niñas enfrentan desafíos significativos al recolectar agua para sus familias. Cada paso que dan para obtener agua las aleja de la educación, el juego y la seguridad. El acceso limitado al agua limpia compromete su bienestar y perpetúa ciclos de pobreza.

Por eso, en GRAF Ibérica, hoy queremos reconocer nuestro talento femenino y reconocer la importancia de abordar la gestión del agua como una cuestión de justicia e igualdad. Mientras celebramos los logros de las mujeres en todo el mundo, también renovamos nuestro compromiso de trabajar con nuestras soluciones hacia un futuro donde todos y todas tengamos acceso equitativo al agua limpia y segura.

#diadelamujer #8M #IWD #graf #grafiberica #aguadelluvia #aguapotable #sostenibilidad #solucionessostenibles

-

🌍💧 No Dia Internacional da Mulher, queremos refletir sobre o papel crucial que as mulheres desempenham na gestão da água em todo o mundo. Nas comunidades onde o acesso à água potável é limitado, as mulheres e as raparigas enfrentam desafios significativos na recolha de água para as suas famílias. Cada passo que dão para obter água afasta-os da educação, da diversão e da segurança. O acesso limitado à água potável compromete o seu bem-estar e perpetua ciclos de pobreza.

Por esta razão, na GRAF Ibérica, queremos hoje reconhecer o nosso talento feminino e reconhecer a importância de abordar a gestão da água como uma questão de justiça e igualdade. Ao celebrarmos as conquistas das mulheres em todo o mundo, também renovamos o nosso compromisso de trabalhar as nossas soluções para um futuro onde todos tenham acesso equitativo à água limpa e segura.

#diadamulher #8M #IWD #graf #grafiberica #luviawater #águapotável #sustentabilidade #soluçõessustentáveis",#diadelamujer #8M #IWD #graf #grafiberica #aguadelluvia #aguapotable #sostenibilidad #solucionessostenibles #diadamulher #8M #IWD #graf #grafiberica #luviawater #águapotável #sustentabilidade #soluçõessustentáveis
"Tue, 05 Mar 2024 14:08:56 GMT","🌧️💧 ¿Sabías que es posible aprovechar el agua de lluvia para cuidar el planeta y ahorrar? 💡🌍
Con nuestras soluciones para el hogar y el jardín, puedes aprovechar el agua de lluvia de manera eficiente y responsable. ¡Imagina poder regar tus plantas, llenar la lavadora o limpiar tu patio con agua que has recolectado tú mismo, directamente del cielo! ✨

Recolectar agua de lluvia reduce la demanda en los sistemas municipales de suministro de agua, teniendo un impacto positivo en el medio ambiente. Y lo mejor de todo, ¡puedes ahorrar hasta un 50% en tu factura de agua potable!

Así que cada vez que mires al cielo y veas llover, recuerda que cada gota cuenta. ¡Aprovecha el regalo de la naturaleza y únete a la revolución del agua de lluvia con GRAF! 💧🌿

#graf #grafiberica #depósitosoterrado #depósitoexterior #lluvia #agua #aguadelluvia #ahorro #casa #jardín #obra #aguapotable #sostenibilidad #reciclaje #solucionessostenibles #construcción 

--

🌧️💧 Você sabia que é possível aproveitar a água da chuva para cuidar do planeta e economizar? 💡🌍
Com as nossas soluções para casa e jardim, pode utilizar a água da chuva de forma eficiente e responsável. Imagine poder regar as suas plantas, encher a máquina de lavar ou limpar o seu pátio com água que você mesmo recolheu, directamente do céu! ✨

A captação de água da chuva reduz a demanda nos sistemas municipais de abastecimento de água, tendo um impacto positivo no meio ambiente. E o melhor de tudo é que você pode economizar até 50% na conta de água potável!

Então, toda vez que você olhar para o céu e ver que está chovendo, lembre-se de que cada gota conta. Aproveite o presente da natureza e junte-se à revolução da água da chuva com a GRAF! 💧🌿

#graf #grafiberica #tanquesubterrâneo #tanqueaoarlivre #chuva #água #águadechuva #poupança #casa #jardim #obra #águapotável #sustentabilidade #reciclagem #soluçõessustentáveis ​​#construção",#graf #grafiberica #depósitosoterrado #depósitoexterior #lluvia #agua #aguadelluvia #ahorro #casa #jardín #obra #aguapotable #sostenibilidad #reciclaje #solucionessostenibles #construcción #graf #grafiberica #tanquesubterrâneo #tanqueaoarlivre #chuva #água #águadechuva #poupança #casa #jardim #obra #águapotável #sustentabilidade #reciclagem #soluçõessustentáveis #construção
"Fri, 01 Mar 2024 10:01:44 GMT","💧 La demanda mundial de agua está aumentando un 1% cada año y se espera que siga así hasta 2050, debido al crecimiento de la población y el desarrollo. La escasez de agua se agrava por la contaminación y el cambio climático, y aproximadamene  el 10% de la población mundial reside en países con estrés hídrico. ¡Es hora de actuar! 
🫶 Con el agua volviéndose un bien cada vez más escaso, necesitamos soluciones innovadoras y sostenibles. 
Por eso, este mes de marzo, en preparación para el Día Mundial del Agua, compartiremos nuestro conocimiento y pasión por las soluciones inteligentes de gestión de aguas pluviales. ¡Únete a GRAF para hacer la diferencia! 💧 #Agua #Sostenibilidad #DíaMundialdelAgua
-
💧 A procura global de água aumenta 1% a cada ano e espera-se que continue até 2050, devido ao crescimento e desenvolvimento populacional. A escassez de água é agravada pela poluição e pelas alterações climáticas, e aproximadamente 10% da população mundial reside em países com escassez de água. É hora de agir!
🫶 Com a água a tornar-se um bem cada vez mais escasso, precisamos de soluções inovadoras e sustentáveis.
É por isso que neste mês de março, em preparação para o Dia Mundial da Água, compartilharemos nosso conhecimento e paixão por soluções inteligentes de gestão de águas pluviais. Junte-se ao GRAF para fazer a diferença! 💧 #Água #Sustentabilidade #DiaMundialdaÁgua",#Agua #Sostenibilidad #DíaMundialdelAgua #Água #Sustentabilidade #DiaMundialdaÁgua
"Thu, 29 Feb 2024 10:02:01 GMT","✨Descubre las soluciones de drenaje sostenible de GRAF.
Os presentamos un proyecto realizado en la zona residencial de Mas Camarena, en Valencia. 
👉 En esta región, caracterizada por sus intensas precipitaciones en periodos cortos, nos enfrentamos al desafío de gestionar eficazmente el agua de lluvia para prevenir inundaciones y garantizar la seguridad de los vecinos.

En GRAF, seguimos innovando en nuestra gamma #SUDS (Sistemas Urbanos de Drenaje Sostenible) para crear entornos más seguros, sostenibles y resilientes frente a los desafíos del cambio climático.

📌 Más información sobre este proyecto: https://loom.ly/cw7BioE
-
✨Descubra as soluções de drenagem sustentável da GRAF.
Apresentamos um projeto realizado na zona residencial de Mas Camarena, em Valência.
👉 Nesta região, caracterizada por chuvas intensas em curtos períodos, enfrentamos o desafio de gerir eficazmente as águas pluviais para evitar inundações e garantir a segurança dos vizinhos.
Na GRAF continuamos a inovar na nossa gama #SUDS (Sistemas Sustentáveis ​​de Drenagem Urbana) para criar ambientes mais seguros, sustentáveis ​​e resilientes face aos desafios das alterações climáticas.

📌 Mais informações sobre este projeto: https://loom.ly/cw7BioE",#SUDS #SUDS
"Tue, 27 Feb 2024 14:09:45 GMT","Hoy queremos destacar a Bakary, un miembro esencial de nuestro equipo en GRAF Ibérica. Desde hace más de 4 años, se encarga de los montajes en nuestro taller, asegurando la excelencia en la instalación de nuestras soluciones. 
¡Conócelo en nuestro nuevo vídeo!
-
Hoje queremos destacar Bakary, um membro essencial da nossa equipe na GRAF Ibérica. Há mais de 4 anos, ele tem sido responsável pelas montagens em nossa oficina, garantindo a excelência na instalação das nossas soluções. 
Conheça-o no nosso novo vídeo!

#GRAF #GRAFIbérica #team #morethanateam #employee #trabajador #rrhh #employeexperience #GRAFexperience",#GRAF #GRAFIbérica #team #morethanateam #employee #trabajador #rrhh #employeexperience #GRAFexperience
"Fri, 23 Feb 2024 10:04:22 GMT","En GRAF Ibérica, contamos con stock permanente para entregas rápidas en toda la península. 
🚛 Nuestra red de distribuidores crece continuamente, gracias a la lealtad de nuestros clientes y nuestra excelente calidad de servicio. Con logística optimizada, garantizamos disponibilidad inmediata, incluso para artículos estacionales.
-
Na GRAF Ibérica temos stock permanente para entregas rápidas em toda a península.
🚛 A nossa rede de distribuidores está em constante crescimento, graças à fidelização de nossos clientes e à nossa excelente qualidade de serviço. Com uma logística otimizada garantimos disponibilidade imediata, até mesmo para itens sazonais.

#graf #grafiberica #ottografgmbh #agua #aguadelluvia #recuperaciónaguadelluvia #suds #sostenibilidad #sustainability #consumo #consumoresponsable #ecobloc #ecobloclight #barcelona #environment #medioambiente #water #rain #garden #savewater",#graf #grafiberica #ottografgmbh #agua #aguadelluvia #recuperaciónaguadelluvia #suds #sostenibilidad #sustainability #consumo #consumoresponsable #ecobloc #ecobloclight #barcelona #environment #medioambiente #water #rain #garden #savewater
"Tue, 20 Feb 2024 10:01:45 GMT","Nos enorgullece compartir nuestras sólidas cifras del pasado año:
📊 Facturación del grupo GRAF: 190 millones de euros.
👥 Equipo dedicado: 750 profesionales comprometidos.
🌍 Presencia en 80 países.
♻️ El 75% de nuestros productos están fabricados con materiales reciclados.

Únete a nosotros en nuestro viaje hacia la sostenibilidad y la innovación.💧 Juntos, podemos construir un futuro más verde y próspero.

-
Temos orgulho em partilhar os nossos sólidos números do ano passado!:
📊 Volume de negócios do grupo GRAF: 190 milhões de euros.
👥 Equipe dedicada: 750 profissionais comprometidos.
🌍 Presença em 80 países.
♻️ 75% dos nossos produtos são feitos com materiais reciclados.

Junte-se a nós na nossa jornada rumo à sustentabilidade e à inovação.
💧 Juntos, podemos construir um futuro mais verde e próspero.

#graf #grafiberica #ottografgmbh #agua #aguadelluvia #recuperaciónaguadelluvia #suds #sostenibilidad #sustainability #consumo #consumoresponsable #ecobloc #ecobloclight #barcelona #environment #medioambiente #water #rain #garden #savewater",#graf #grafiberica #ottografgmbh #agua #aguadelluvia #recuperaciónaguadelluvia #suds #sostenibilidad #sustainability #consumo #consumoresponsable #ecobloc #ecobloclight #barcelona #environment #medioambiente #water #rain #garden #savewater
"Thu, 15 Feb 2024 09:32:22 GMT","¿Conoces nuestra gran variedad de cúpulas?
Se adaptan a cualquier tipo de depósito y necesidad. 

¿Quieres más información? 
Contacta con nuestro equipo comercial. Link in bio

#graf #grafiberica #ottografgmbh #agua #aguadelluvia #recuperaciónaguadelluvia #suds #sostenibilidad #sustainability #consumo #consumoresponsable #ecobloc #ecobloclight #barcelona #environment #medioambiente #water #rain #garden #savewater",#graf #grafiberica #ottografgmbh #agua #aguadelluvia #recuperaciónaguadelluvia #suds #sostenibilidad #sustainability #consumo #consumoresponsable #ecobloc #ecobloclight #barcelona #environment #medioambiente #water #rain #garden #savewater
"Tue, 13 Feb 2024 11:02:29 GMT","¿Conoces a Pep?
Es nuestro Técnico- Comercial, Siempre dispuesto a atenderos.
 
#GRAF #GRAFIbérica #team #morethanateam #employee #trabajador #rrhh #employeexperience #GRAFexperience",#GRAF #GRAFIbérica #team #morethanateam #employee #trabajador #rrhh #employeexperience #GRAFexperience
"Thu, 01 Feb 2024 08:00:17 GMT","✨Nuevo post en nuestro Blog! Un regalo para la naturaleza

Link in bio

#sequía #cambioclimático #escasezdeagua #graf #agua #graf #grafiberica #ottografgmbh #sostenibilidad #sustainability #consumoresponsable #mesdelasequía #depósitosexteriores #depósitossoterrados #tratamientoaguasresiduales #reciclaje #plasticos",#sequía #cambioclimático #escasezdeagua #graf #agua #graf #grafiberica #ottografgmbh #sostenibilidad #sustainability #consumoresponsable #mesdelasequía #depósitosexteriores #depósitossoterrados #tratamientoaguasresiduales #reciclaje #plasticos
"Tue, 30 Jan 2024 07:58:26 GMT","¿Conocéis a Aida? Es nuestra Responsable de Contabilidad.

Trabaja en GRAF desde hace 2 años. 
Atent@s al vídeo

📩 info@grafiberica.com
📞 +34 972 91 37 67

#GRAF #GRAFIbérica #team #morethanateam #employee #trabajador #rrhh #employeexperience #GRAFexperience",#GRAF #GRAFIbérica #team #morethanateam #employee #trabajador #rrhh #employeexperience #GRAFexperience
"Thu, 25 Jan 2024 07:57:46 GMT","En GRAF, disponemos de una gran variedad de productos de recuperación de agua de lluvia.

En este caso, hacemos referencia a un proyecto en Bellver de Cerdanya donde instalamos
nuestro depósito Platin 25.000L (10.000L y 15.000L) 

¿En qué va a beneficiar la instalación de los productos GRAF?

✔️Ahorro considerable en la factura del agua
✔️Gestión sostenible del agua

#graf #grafiberica #ottografgmbh #agua #aguadelluvia #recuperaciónaguadelluvia #suds #sostenibilidad #sustainability #consumo #consumoresponsable #ecobloc #ecobloclight #barcelona #environment #medioambiente #water #rain #garden #savewater",#graf #grafiberica #ottografgmbh #agua #aguadelluvia #recuperaciónaguadelluvia #suds #sostenibilidad #sustainability #consumo #consumoresponsable #ecobloc #ecobloclight #barcelona #environment #medioambiente #water #rain #garden #savewater
"Tue, 16 Jan 2024 11:40:31 GMT","¡Hoy presentamos a El Mountasser! Un miembro vital de nuestro equipo de almacén. 

¿Quieres conocerlo? ¡Atent@s al vídeo! 

#GRAF #GRAFIbérica #team #morethanateam #employee #trabajador #rrhh #employeexperience #GRAFexperience",#GRAF #GRAFIbérica #team #morethanateam #employee #trabajador #rrhh #employeexperience #GRAFexperience
"Thu, 04 Jan 2024 08:21:35 GMT","✨Nuevo post en nuestro Blog! Descubre el ciclo de reciclaje GRAF

Link in bio

#sequía #cambioclimático #escasezdeagua #graf #agua #graf #grafiberica #ottografgmbh #sostenibilidad #sustainability #consumoresponsable #mesdelasequía #depósitosexteriores #depósitossoterrados #tratamientoaguasresiduales #reciclaje #plasticos",#sequía #cambioclimático #escasezdeagua #graf #agua #graf #grafiberica #ottografgmbh #sostenibilidad #sustainability #consumoresponsable #mesdelasequía #depósitosexteriores #depósitossoterrados #tratamientoaguasresiduales #reciclaje #plasticos
"Wed, 03 Jan 2024 08:20:56 GMT","En GRAF, disponemos de una gran variedad de productos el drenaje sostenible.

En este caso, hacemos referencia a un proyecto en Madrid donde instalamos 
nuestro Ecobloc light, Arqueta Vario 800 Flex tipo 1 y conseguimos almacenar 88,86m3 de agua. 

¿En qué va a beneficiar la instalación de los productos GRAF?

✔️Reducir la cantidad de agua del vertido final
✔️Mejorar la calidad del agua vertida al medio natural

#graf #grafiberica #ottografgmbh #agua #aguadelluvia #recuperaciónaguadelluvia #suds #sostenibilidad #sustainability #consumo #consumoresponsable #ecobloc #ecobloclight #barcelona #environment #medioambiente #water #rain #garden #savewater",#graf #grafiberica #ottografgmbh #agua #aguadelluvia #recuperaciónaguadelluvia #suds #sostenibilidad #sustainability #consumo #consumoresponsable #ecobloc #ecobloclight #barcelona #environment #medioambiente #water #rain #garden #savewater
"Thu, 28 Dec 2023 10:00:09 GMT","✨Estamos encantados de presentar nuestro nuevo vídeo corporativo. ¡Descubre el equipo que hay detrás de GRAF Ibérica! 

Gracias por la confianza. ¡A por otro año más juntos! 

#morethanateam #employeeexperience #GRAFexperience #rrhh #empleado #employee #team #morethanateam",#morethanateam #employeeexperience #GRAFexperience #rrhh #empleado #employee #team #morethanateam
"Thu, 21 Dec 2023 11:45:27 GMT","El pasado 11 de Diciembre, nuestros clientes de EMCCAT Arbúcies hicieron una formación y visita presencial en nuestras instalaciones.
¡Muchas gracias por compartir vuestro tiempo con nosotros!

#GRAF #GRAFexperience #customerexperience",#GRAF #GRAFexperience #customerexperience
"Thu, 14 Dec 2023 08:35:00 GMT","El espíritu navideño ha llegado a GRAF Ibérica! ¿Quieres ver cómo decoramos nuestro árbol? 🌲 
¡Quédate hasta el final!

#GRAF #grafiberica #employeeexperience #navidad #christmas #christmastree #arboldenavidad",#GRAF #grafiberica #employeeexperience #navidad #christmas #christmastree #arboldenavidad
"Tue, 05 Dec 2023 15:59:56 GMT","¿Conocéis a Èlia? Es nuestra Customer Service especializada en DIY. 

Trabaja en #GRAF desde hace muchos años. Si necesitas cualquier cosa ¡ella lo sabe! 

📩 info@grafiberica.com
📞 +34 972 91 37 67

#GRAF #GRAFIbérica #team #morethanateam #employee #trabajador #rrhh #employeexperience #GRAFexperience",#GRAF #GRAF #GRAFIbérica #team #morethanateam #employee #trabajador #rrhh #employeexperience #GRAFexperience
"Fri, 01 Dec 2023 09:55:14 GMT","Esta semana nos visitaron BARBER COLL- CAULÉS para hacer una formación específica presencial de producto y recorrido por nuestras instalaciones.

¡Muchas gracias por vuestra visita!

#customerexperience #GRAFexperience #GRAF",#customerexperience #GRAFexperience #GRAF
"Mon, 06 Nov 2023 16:12:10 GMT","Hoy arranca la segunda edición de la Ibricks Experience, disfruta de ofertas exclusivas que GRAF Ibérica tiene hasta el día 10 de Noviembre.
@grupoibricks",
"Tue, 31 Oct 2023 08:10:44 GMT","En GRAF, disponemos de una gran gama de separadores de grasas. Para uso particular o empresarial.

✔️Separador de grasas Saphir
✔️Separador de grasas Diamant
✔️Mini separadores

🌍Los separadores de GRAF, acumularán las grasas del agua en su interior. El agua, saldrá tratada sin todo el residuo, que se va a quedar en el depósito.

¿Quieres una solución igual? Contacta con nosotros.

🌐www.grafiberica.com
📩 info@grafiberica.com
📞 +34 972 91 37 67

#depósito #gasóleo #gasolina #depósitogasóleo #depósitogasolina #fuel #graf #grafiberica #separadores #separadoresdegrasas #separadoresdehidrocarburos #agua #aguapotable #tormenta #4rain #garantia #casa #empresa #aguapotable #medioambiente #sustainability",#depósito #gasóleo #gasolina #depósitogasóleo #depósitogasolina #fuel #graf #grafiberica #separadores #separadoresdegrasas #separadoresdehidrocarburos #agua #aguapotable #tormenta #4rain #garantia #casa #empresa #aguapotable #medioambiente #sustainability
"Thu, 26 Oct 2023 06:46:57 GMT","✨Nuevo post en nuestro blog!

Envío directo al cliente
👉Quieres verlo?
Link in bio

📩 info@grafiberica.com
📞 +34 972 91 37 67

#graf #grafiberica #ottografgmbh #agua #aguadelluvia #recuperaciónaguadelluvia #depósitosoterrado #sostenibilidad #sustainability #consumo #consumoresponsable #carat #depósitocarat #environment #medioambiente #water #rain #suds #drenajesostenible #sistemasurbanosdedrenajesostenible #jardín #garden",#graf #grafiberica #ottografgmbh #agua #aguadelluvia #recuperaciónaguadelluvia #depósitosoterrado #sostenibilidad #sustainability #consumo #consumoresponsable #carat #depósitocarat #environment #medioambiente #water #rain #suds #drenajesostenible #sistemasurbanosdedrenajesostenible #jardín #garden
"Tue, 24 Oct 2023 07:28:41 GMT","✨En GRAF, disponemos de una gran variedad de productos para la recuperación del agua de lluvia.

😃 En este caso, hacemos referencia a dos depósitos soterrados Platin de 7.500L en la localidad de Birruezas (Cantabria) 

¿En qué va a beneficiar un depósito soterrado de agua GRAF?
✔️Ahorro considerable en la factura del agua
✔️Gestión sostenible del agua

🌐https://www.graf.info/es-es/actualidad/referencias-de-obra/recuperacion-agua-de-lluvia-birruezas.html
📩 info@grafiberica.com
📞 +34 972 91 37 67

#graf #grafiberica #ottografgmbh #agua #aguadelluvia #recuperaciónaguadelluvia #suds #sostenibilidad #sustainability #consumo #consumoresponsable #ecobloc #ecobloclight #environment #medioambiente #water #rain #garden #referenciadeobra",#graf #grafiberica #ottografgmbh #agua #aguadelluvia #recuperaciónaguadelluvia #suds #sostenibilidad #sustainability #consumo #consumoresponsable #ecobloc #ecobloclight #environment #medioambiente #water #rain #garden #referenciadeobra
"Thu, 19 Oct 2023 10:04:05 GMT","✨Sabes como recuperar agua de lluvia en casa?

🏡​En GRAF disponemos de una gran gama de depósitos decorativos para recuperar agua de lluvia que se adaptarán a tu casa y decorarán el jardín a tu gusto. ¿Conoces la gama de depósitos decorativos WOODY?

✔️Disponibles en 350L
✔️Ideales para recuperar agua de lluvia

📩 info@grafiberica.com
📞 +34 972 91 37 67

#sequia #agua #aguadelluvia #aguapotable #restricciones #casa #casayjardin #decorativo #depositodecorativo #lluvia #recuperacionaguadelluvia #rainwaterharvesting #depositostone2en1 #water #regar #jardin #flores",#sequia #agua #aguadelluvia #aguapotable #restricciones #casa #casayjardin #decorativo #depositodecorativo #lluvia #recuperacionaguadelluvia #rainwaterharvesting #depositostone2en1 #water #regar #jardin #flores
"Tue, 17 Oct 2023 08:00:00 GMT","📢 ¿Sabías que GRAF vende en todo el mundo? 🌍 Así es, sin importar dónde te encuentres🚚

📲 Visita nuestro sitio web o contáctanos para obtener más información sobre nuestros productos y servicios.
Nuestro equipo comercial y técnico te atenderán sin compromiso.

📩 info@grafiberica.com
🌐https://bit.ly/3rmU5Z4
📞 +34 972 91 37 67

#graf #sostenibilidad #sustainability #medioambiente #environment #agua #aguadelluvia #cambioclimatico #climatechange #rain #water #business #sustainablebusiness #ottografgmbh #empresasostenible #reciclaje #recycling #recicledproducts #productosreciclados #depositos #diy",#graf #sostenibilidad #sustainability #medioambiente #environment #agua #aguadelluvia #cambioclimatico #climatechange #rain #water #business #sustainablebusiness #ottografgmbh #empresasostenible #reciclaje #recycling #recicledproducts #productosreciclados #depositos #diy
"Tue, 10 Oct 2023 08:00:00 GMT","Nuestro equipo de logística, al 100% para servir todos vuestros pedidos!",
"Tue, 03 Oct 2023 08:00:00 GMT","La semana pasada, parte de los trabajadores de GRAF Ibérica, visitamos la sede de nuestra empresa en Teningen y las instalaciones Neuried, Dachstein y Herbolzheim. 

#GRAF #worldwide #team #morethanateam #employee #trabajador #instalaciones #comercial #employeexperience #GRAFexperience",#GRAF #worldwide #team #morethanateam #employee #trabajador #instalaciones #comercial #employeexperience #GRAFexperience
"Wed, 27 Sep 2023 10:06:20 GMT","Estamos en EXPOSOYRO! 
Ven a visitarnos en el stand 59!",
"Thu, 21 Sep 2023 09:00:07 GMT","✨En GRAF, disponemos de una gran variedad de productos para la recuperación del agua de lluvia.

😃 En este caso, hacemos referencia a un depósito soterrado de 42.000L en la localidad de Laderas del Conquero (Huelva) 

¿En qué va a beneficiar un depósito soterrado de agua GRAF?
✔️Ahorro considerable en la factura del agua
✔️Gestión sostenible del agua
✔️Urbanización de itinerarios peatonales 

🌐https://bit.ly/3Puslxh
📩 info@grafiberica.com
📞 +34 972 91 37 67

#graf #grafiberica #ottografgmbh #agua #aguadelluvia #recuperaciónaguadelluvia #suds #sostenibilidad #sustainability #consumo #consumoresponsable #ecobloc #ecobloclight #environment #medioambiente #water #rain #garden",#graf #grafiberica #ottografgmbh #agua #aguadelluvia #recuperaciónaguadelluvia #suds #sostenibilidad #sustainability #consumo #consumoresponsable #ecobloc #ecobloclight #environment #medioambiente #water #rain #garden
"Tue, 19 Sep 2023 07:04:53 GMT","✨Sabes como recuperar agua de lluvia en casa?

🏡​En GRAF disponemos de una gran gama de depósitos decorativos para recuperar agua de lluvia que se adaptarán a tu casa y decorarán el jardín a tu gusto. ¿Conoces la gama de depósitos decorativos BARRICA?

✔️Disponible en dos capacidades, 250L y 400L
✔️Ideales para recuperar agua de lluvia

📩 info@grafiberica.com
📞 +34 972 91 37 67

#sequia #agua #aguadelluvia #aguapotable #restricciones #casa #casayjardin #decorativo #depositodecorativo #lluvia #recuperacionaguadelluvia #rainwaterharvesting #depositostone2en1 #water #regar #jardin #flores",#sequia #agua #aguadelluvia #aguapotable #restricciones #casa #casayjardin #decorativo #depositodecorativo #lluvia #recuperacionaguadelluvia #rainwaterharvesting #depositostone2en1 #water #regar #jardin #flores
"Thu, 14 Sep 2023 08:00:04 GMT","🌍POR UN PLANETA MÁS VERDE🌍
En GRAF, fabricamos nuestros productos con materias primas recicladas.
​👉Todo esto sin comprometer de ninguna manera los estándares de calidad en el producto y manteniendo todos los criterios de sostenibilidad.

Más del 50% de los materiales que utilizamos en GRAF provienen de materias primas recicladas.

👉Con nuestra planta de reciclaje de Herbolzheim, ahorramos más de 100.000 toneladas de CO2 al año. 

Quieres saber más?
👉https://bit.ly/3XA7WZy
📩info@grafiberica.com
📞 +34 972 91 37 67

#medioambiente #environment #graf #agua #water #aguapotable #sostenibilidad #sustainability #depositossoterrados #depositosexteriores #suds #depuradoras #one2clean #separadoresdegrasas #depósitosdegasóleo",#medioambiente #environment #graf #agua #water #aguapotable #sostenibilidad #sustainability #depositossoterrados #depositosexteriores #suds #depuradoras #one2clean #separadoresdegrasas #depósitosdegasóleo
"Wed, 13 Sep 2023 08:00:05 GMT","Conoces la gama de depósitos soterrados de agua potable GRAF?

Disponibles en varios modelos y capacidades, se adaptan a las necesidades de cada cliente.

✔️Alta estabilidad, incluso con niveles elevados de aguas freáticas
✔️Ahorro en la instalación; solo se necesita grava
✔️Cúpula giratoria y cubierta telescópica apta para agua potable para facilitar la instalación
✔️Posibilidad de cubierta telescópica para paso de vehículos

Quieres saber más?
Descúbrelo en:
🌐https://bit.ly/3RnKQWD
📩 info@grafiberica.com
📞 +34 972 91 37 67

#graf #grafiberica #depósitosoterrado #depósitoexterior #lluvia #agua #aguadelluvia #ahorro #casa #jardín #obra #aguapotable #sostenibilidad #reciclaje #solucionessostenibles #construcción #tratemoselagua #recuperaaguadelluvia #ahorroagua #tormenta",#graf #grafiberica #depósitosoterrado #depósitoexterior #lluvia #agua #aguadelluvia #ahorro #casa #jardín #obra #aguapotable #sostenibilidad #reciclaje #solucionessostenibles #construcción #tratemoselagua #recuperaaguadelluvia #ahorroagua #tormenta
"Thu, 07 Sep 2023 08:00:05 GMT","Conoces la gama de depósitos soterrados GRAF? 

Disponibles en varios modelos y capacidades, se adaptan a las necesidades de cada cliente. 

✔️Depósitos de PEAD
✔️Alta estabilidad, incluso con niveles elevados de aguas freáticas
✔️Ahorro en la instalación; solo se necesita grava
✔️Cúpula giratoria y cubierta telescópica para facilitar la instalación
✔️Posibilidad de cubierta telescópica para paso de vehículos

Quieres saber más? 
Descúbrelo en:
🌐https://bit.ly/3rmU5Z4
📩 info@grafiberica.com
📞 +34 972 91 37 67

#graf #grafiberica #depósitosoterrado #depósitoexterior #lluvia #agua #aguadelluvia #ahorro #casa #jardín #obra #aguapotable #sostenibilidad #reciclaje #solucionessostenibles #construcción #tratemoselagua #recuperaaguadelluvia #ahorroagua #tormenta",#graf #grafiberica #depósitosoterrado #depósitoexterior #lluvia #agua #aguadelluvia #ahorro #casa #jardín #obra #aguapotable #sostenibilidad #reciclaje #solucionessostenibles #construcción #tratemoselagua #recuperaaguadelluvia #ahorroagua #tormenta
"Tue, 05 Sep 2023 08:00:00 GMT","✨Nuevo post en nuestro Blog! Descubre de qué están hechos nuestros depósitos de recuperación de agua de lluvia. 

Link in bio 
📩 info@grafiberica.com
📞 +34 972 91 37 67

#sequía #cambioclimático #escasezdeagua #graf #agua #graf #grafiberica #ottografgmbh #sostenibilidad #sustainability #consumoresponsable #mesdelasequía #depósitosexteriores #depósitossoterrados #tratamientoaguasresiduales",#sequía #cambioclimático #escasezdeagua #graf #agua #graf #grafiberica #ottografgmbh #sostenibilidad #sustainability #consumoresponsable #mesdelasequía #depósitosexteriores #depósitossoterrados #tratamientoaguasresiduales
"Thu, 31 Aug 2023 09:30:00 GMT","¿Conoces los beneficios de instalar un depósito de Recuperación de Agua de Lluvia?

✔️Ahorro de hasta el 50% de agua potable
✔️Saca partido a un recurso natural y gratuito
✔️Agua para todos los usos no potables: WC, lavadora, limpieza y riego
✔️Contribuye a la sostenibilidad del planeta

Quieres saber más?
📩 info@grafiberica.com
📞 +34 972 91 37 67

#graf #grafiberica #depósitosoterrado #depósitoexterior #lluvia #agua #aguadelluvia #ahorro #casa #jardín #obra #aguapotable #sostenibilidad #reciclaje #solucionessostenibles #construcción #tratemoselagua #recuperaaguadelluvia #ahorroagua #tormenta",#graf #grafiberica #depósitosoterrado #depósitoexterior #lluvia #agua #aguadelluvia #ahorro #casa #jardín #obra #aguapotable #sostenibilidad #reciclaje #solucionessostenibles #construcción #tratemoselagua #recuperaaguadelluvia #ahorroagua #tormenta
"Tue, 29 Aug 2023 08:45:24 GMT","¡NO PARAMOS!
Nuestro equipo de logística, al 100% para entregar todos vuestros pedidos! 
Quieres conocernos más?
Visita nuestra página web- Link in bio

📩 info@grafiberica.com
📞 +34 972 91 37 67

#graf #grafiberica #showroom #instalaciones #formaciones #rrhh #customerexperience #clientes #customer #client #agua #water #medioambiente #sostenibilidad #instalaciones #solucionessostenibles #depuradoras #suds #jardín #jardinería",#graf #grafiberica #showroom #instalaciones #formaciones #rrhh #customerexperience #clientes #customer #client #agua #water #medioambiente #sostenibilidad #instalaciones #solucionessostenibles #depuradoras #suds #jardín #jardinería
"Tue, 22 Aug 2023 08:00:02 GMT","Instalación de una depuradora oneAdvanced de 500HE. 

✔️Con 75 m3 de entrada de aguas residuales al día
✔️7 depósitos soterrados Carat XXL totalmente ensamblados
✔️Sistema SBR (tratamiento biológico secuencial)

🔧 Tecnología de punta: Nuestra depuradora utiliza tecnología avanzada para eliminar eficientemente impurezas y contaminantes, dándote agua de alta calidad en todo momento.

🌱 Amigable con el medio ambiente: No solo cuidamos de tu bienestar, sino también del planeta. Nuestro sistema de depuración es respetuoso con el medio ambiente y contribuye al mantenimiento de nuestros recursos naturales.

¿Quieres más información?
📩info@grafiberica.com
🌐​https://bit.ly/3rmU5Z4

#tratamientoaguasresiduales #aguasresiduales #calidaddelagua #agua #water #wastewater #wastewatertreatment #sostenibilidad #sustainability #GRAF #GRAFIBÉRICA #depuradoras #fosassépticas #fosasfiltro",#tratamientoaguasresiduales #aguasresiduales #calidaddelagua #agua #water #wastewater #wastewatertreatment #sostenibilidad #sustainability #GRAF #GRAFIBÉRICA #depuradoras #fosassépticas #fosasfiltro
"Tue, 25 Jul 2023 08:00:02 GMT","✨En GRAF, disponemos de varias gamas de productos para ayudar a combatir la sequía. 

✔️Los SUDS, soluciones ideales para la retención, atenuación e infiltración de agua de lluvia. 
✔️Depósitos soterrados, hasta 50.000L. Ideales para acumular agua de lluvia en casa y ahorrar en la factura del agua. 
✔️Depósitos decorativos y exteriores. Para todos los estilos. Instala el depósito en la bajante pluvial y empieza a recuperar agua de lluvia. 

¿Quieres más información?
Contacta con GRAF Ibérica

📩 info@grafiberica.com
📞 +34 972 91 37 67

#Sequía #AgriculturaSostenible #CambioClimático #AguaParaTodos #JuntosPodemos #GRAF #GRAFIberica #recuperacionaguadelluvia #suds #depósitos #tratamientoaguasresiduales #separadoresdegrasas #separadoresdehidrocarburos #jardín",#Sequía #AgriculturaSostenible #CambioClimático #AguaParaTodos #JuntosPodemos #GRAF #GRAFIberica #recuperacionaguadelluvia #suds #depósitos #tratamientoaguasresiduales #separadoresdegrasas #separadoresdehidrocarburos #jardín
"Tue, 18 Jul 2023 08:00:00 GMT","💧💚 ¿Sabías que el drenaje sostenible puede marcar la diferencia en la lucha contra la sequía? En este post, te contamos cómo esta solución inteligente puede ayudar a conservar el agua y proteger nuestros recursos naturales.

🌿 El cambio climático está aumentando la frecuencia y la intensidad de las sequías en todo el mundo, pero hay medidas que podemos tomar para mitigar sus efectos. El drenaje sostenible es una de ellas.

🌧️ ¿En qué consiste el drenaje sostenible? Es un enfoque que busca gestionar eficientemente el agua de lluvia, permitiendo su infiltración en el suelo, su almacenamiento y reutilización. Esto no solo ayuda a prevenir inundaciones, sino que también recarga los acuíferos y promueve un uso más responsable del agua.

💡 Beneficios del drenaje sostenible en la lucha contra la sequía:

1️⃣ Conservación del agua: Al permitir que el agua de lluvia se infiltre en el suelo, se recarga el nivel freático y se conserva el agua para su uso futuro, especialmente en épocas de sequía.

2️⃣ Reducción de la escorrentía: El drenaje sostenible evita que el agua de lluvia fluya rápidamente hacia los cuerpos de agua, reduciendo el riesgo de inundaciones y erosionando los suelos. En cambio, el agua se absorbe gradualmente, beneficiando a las plantas y al medio ambiente.

3️⃣ Mejora de la calidad del agua: Al filtrar el agua de lluvia a través del suelo, se eliminan impurezas y se reducen los contaminantes antes de llegar a los cuerpos de agua, mejorando su calidad y preservando la vida acuática.

Aquí os dejamos con un el proyecto SUDS del cámping Riembau en Platja d'Aro, (Girona), donde se instalaron 108 unidades Ecobloc Light.",
"Thu, 13 Jul 2023 09:30:00 GMT","🌾 La agricultura es el corazón de nuestra alimentación, pero el cambio climático está poniendo en peligro esta fuente vital de alimentos. La sequía, en particular, está afectando a miles de agricultores y poniendo en riesgo la seguridad alimentaria de nuestras comunidades.

🌱 ¿Sabías que la sequía puede provocar la pérdida de cultivos, disminución de la calidad de los alimentos y aumento de los precios? Los agricultores luchan cada día para mantener sus cultivos con recursos limitados de agua, mientras que sus ganancias y sustento se ven amenazados.

✨ La buena noticia es que todos podemos hacer algo para ayudar. Aquí hay algunas formas de marcar la diferencia:

1️⃣ Ahorra agua: ¡Cada gota cuenta! Adopta prácticas de uso eficiente del agua en tu hogar y jardín. Pequeños cambios, como reparar fugas y regar las plantas temprano en la mañana o al anochecer, pueden hacer una gran diferencia.

2️⃣ Apoya a los agricultores locales: Compra productos frescos y de temporada directamente a los agricultores locales. Al hacerlo, estás contribuyendo a su sustento y promoviendo prácticas agrícolas sostenibles.

3️⃣ Educa y comparte: Comparte esta publicación para crear conciencia sobre el impacto de la sequía en la agricultura. Juntos, podemos inspirar a otros a tomar medidas y marcar la diferencia.

🙏Seamos conscientes de nuestras acciones y trabajemos juntos para asegurar un futuro sostenible. 💚💦

📩 info@grafiberica.com
📞 +34 972 91 37 67

#Sequía #AgriculturaSostenible #CambioClimático #AguaParaTodos #JuntosPodemos #GRAF #GRAFIberica #recuperacionaguadelluvia #suds #depósitos #tratamientoaguasresiduales #separadoresdegrasas #separadoresdehidrocarburos #jardín",#Sequía #AgriculturaSostenible #CambioClimático #AguaParaTodos #JuntosPodemos #GRAF #GRAFIberica #recuperacionaguadelluvia #suds #depósitos #tratamientoaguasresiduales #separadoresdegrasas #separadoresdehidrocarburos #jardín
"Tue, 11 Jul 2023 10:09:44 GMT","✨TIPS GRAF para ahorrar agua

1. Reparar los grifos que gotean
2. Instalar un aireador en los grifos
3. Tener el lavavajillas adecuado
4. Utilizar el agua de lluvia para el hogar
5. No dejar el grifo abierto
6. Duchas más cortas
7. Utilizar el agua de lluvia para el jardín

¿Quieres saber más?
📩 info@grafiberica.com
📞 +34 972 91 37 67

#sequía #cambioclimático #escasezdeagua #graf #agua #graf #grafiberica #ottografgmbh #sostenibilidad #sustainability #consumoresponsable #mesdelasequía #depósitosexteriores #depósitossoterrados #tratamientoaguasresiduales",#sequía #cambioclimático #escasezdeagua #graf #agua #graf #grafiberica #ottografgmbh #sostenibilidad #sustainability #consumoresponsable #mesdelasequía #depósitosexteriores #depósitossoterrados #tratamientoaguasresiduales
"Mon, 10 Jul 2023 08:00:00 GMT","✨El equipo de GRAF Ibérica os desea a todos un feliz verano!

☀Os recordamos que del día 17 de Julio hasta el 11 de Septiembre nuestro horario será de 9:00 a 15:00. 

📩 info@grafiberica.com
📞 +34 972 91 37 67 

#equipo #equipounido #teambuilding #GRAF #GRAFiberica #lluvia #aguadelluvia #depuradoras #tratamientodeaguasresiduales #separadoresdegrasas #separadoresdehidrocarburos #suds #depósitos #depósitosexteriores #depósitosdecorativos",#equipo #equipounido #teambuilding #GRAF #GRAFiberica #lluvia #aguadelluvia #depuradoras #tratamientodeaguasresiduales #separadoresdegrasas #separadoresdehidrocarburos #suds #depósitos #depósitosexteriores #depósitosdecorativos
"Tue, 04 Jul 2023 08:00:00 GMT","💧En GRAF Ibérica, dedicaremos este mes a promover el consumo responsable del agua. 

​🌍Estamos en época de sequía y ser conscientes de como afecta cada uno de nuestros actos al medio ambiente es clave. 

Hoy os dejamos con una imagen del pantano de Sau, en Girona, donde se puede apreciar la sequía del terreno. 

📩 info@grafiberica.com
📞 +34 972 91 37 67

#sequía #cambioclimático #escasezdeagua #graf #agua #graf #grafiberica #ottografgmbh #sostenibilidad #sustainability #consumoresponsable #mesdelasequía #depósitosexteriores #depósitossoterrados #tratamientoaguasresiduales",#sequía #cambioclimático #escasezdeagua #graf #agua #graf #grafiberica #ottografgmbh #sostenibilidad #sustainability #consumoresponsable #mesdelasequía #depósitosexteriores #depósitossoterrados #tratamientoaguasresiduales
"Thu, 29 Jun 2023 08:00:00 GMT","✨En GRAF, disponemos de una gran variedad de productos para la recuperación del agua de lluvia.

😃 En este caso, hacemos referencia a dos depósitos soterrados Carat XXL de 26.000L en Torre Vilana- Barcelona.

¿En qué va a beneficiar un depósito soterrado de agua GRAF?
✔️Ahorro considerable en la factura del agua
✔️Gestión sostenible del agua

🌐https://bit.ly/3XyhRjf
📩 info@grafiberica.com
📞 +34 972 91 37 67

#graf #grafiberica #ottografgmbh #agua #aguadelluvia #recuperaciónaguadelluvia #suds #sostenibilidad #sustainability #consumo #consumoresponsable #ecobloc #ecobloclight #environment #medioambiente #water #rain #garden",#graf #grafiberica #ottografgmbh #agua #aguadelluvia #recuperaciónaguadelluvia #suds #sostenibilidad #sustainability #consumo #consumoresponsable #ecobloc #ecobloclight #environment #medioambiente #water #rain #garden
"Tue, 27 Jun 2023 07:44:48 GMT","🏡Sabes como funciona un sistema de Tratamiento de Aguas Residuales? 
Descúbrelo en nuestro vídeo. 

✔️Fácil instalación
✔️Bajo consumo energético

¿Quieres saber más? Descúbrelo en:

🌐https://www.graf.info/es-es/tratamiento-aguas-residuales.html 
📩 info@grafiberica.com
📞 +34 972 91 37 67

#graf #grafiberica #depuradora #one2clean #lluvia #agua #tratamientoaguasresiduales #ahorro #casa #jardín #obra #aguapotable #sostenibilidad #reciclaje #solucionessostenibles #construcción #tratemoselagua #recuperaaguadelluvia #ahorroagua #tormenta",#graf #grafiberica #depuradora #one2clean #lluvia #agua #tratamientoaguasresiduales #ahorro #casa #jardín #obra #aguapotable #sostenibilidad #reciclaje #solucionessostenibles #construcción #tratemoselagua #recuperaaguadelluvia #ahorroagua #tormenta
"Thu, 22 Jun 2023 08:00:02 GMT","✨Quieres un depósito de agua de lluvia y no sabes qué capacidad comprar?

Te recomendamos lo siguiente:
✔️Calcular qué cantidad de agua consumes anualmente por persona o m2.
✔️Informarte de la pluviometría media anual en provincia.
✔️Si tienes dudas, contactar con nuestro departamento técnico, que te asesorará sin compromiso. 

📩 info@grafiberica.com
📞 +34 972 91 37 67

#graf #grafiberica #ottografgmbh #agua #aguadelluvia #recuperaciónaguadelluvia #suds #sostenibilidad #sustainability #consumo #consumoresponsable #ecobloc #ecobloclight #environment #medioambiente #water #rain #garden #savewater",#graf #grafiberica #ottografgmbh #agua #aguadelluvia #recuperaciónaguadelluvia #suds #sostenibilidad #sustainability #consumo #consumoresponsable #ecobloc #ecobloclight #environment #medioambiente #water #rain #garden #savewater
"Tue, 20 Jun 2023 08:32:10 GMT","✨NUEVA NOMENCLATURA GAMA TRATAMIENTO DE AGUAS RESIDUALES ✨

Descúbrela en nuestra publicación!

🌐https://www.grafiberica.com 
📩 info@grafiberica.com
📞 +34 972 91 37 67

#graf #grafiberica #ottografgmbh #agua #aguadelluvia #recuperaciónaguadelluvia #suds #sostenibilidad #sustainability #tratamientodeaguasresiduales #consumo #consumoresponsable #ecobloc #ecobloclight #environment #medioambiente #water #rain #garden #savewater",#graf #grafiberica #ottografgmbh #agua #aguadelluvia #recuperaciónaguadelluvia #suds #sostenibilidad #sustainability #tratamientodeaguasresiduales #consumo #consumoresponsable #ecobloc #ecobloclight #environment #medioambiente #water #rain #garden #savewater
"Thu, 15 Jun 2023 08:04:31 GMT","🏡¿Sabías que en GRAF Ibérica tenemos kits para la recuperación del agua de lluvia?

Link in bio y consulta nuestra web para más información!

✔️Fácil instalación
✔️Disponible en varios tamaños y modelos

¿Quieres saber más? 
📩 info@grafiberica.com
📞 +34 972 91 37 67

#graf #grafiberica #depósitosoterrado #depósitoexterior #lluvia #agua #aguadelluvia #ahorro #casa #jardín #obra #aguapotable #sostenibilidad #reciclaje #solucionessostenibles #construcción #tratemoselagua #recuperaaguadelluvia #ahorroagua #tormenta",#graf #grafiberica #depósitosoterrado #depósitoexterior #lluvia #agua #aguadelluvia #ahorro #casa #jardín #obra #aguapotable #sostenibilidad #reciclaje #solucionessostenibles #construcción #tratemoselagua #recuperaaguadelluvia #ahorroagua #tormenta
"Tue, 13 Jun 2023 11:06:13 GMT","✨¡Nuestro departamento logístico trabaja sin parar! 

Vuestros pedidos, en las mejores manos. 

Nuestro equipo, es el responsable de que cada pedido sea entregado lo más rápido posible. 

Quieres conocernos más?
Visita nuestra página web- Link in bio
📩 info@grafiberica.com
📞 +34 972 91 37 67

#graf #grafiberica #showroom #instalaciones #formaciones #rrhh #customerexperience #clientes #customer #client #agua #water #medioambiente #sostenibilidad #instalaciones #solucionessostenibles #depuradoras #suds #jardín #jardinería #fosafiltro",#graf #grafiberica #showroom #instalaciones #formaciones #rrhh #customerexperience #clientes #customer #client #agua #water #medioambiente #sostenibilidad #instalaciones #solucionessostenibles #depuradoras #suds #jardín #jardinería #fosafiltro
"Fri, 09 Jun 2023 08:05:52 GMT","✨En GRAF, disponemos de una gran variedad de productos el drenaje sostenible. 

😃 En este caso, hacemos referencia a un proyecto en Barcelona donde instalamos 7.500 unidades de Rain Bloc 300L, con una capacidad de almacenamiento de 2.251 m3. 

¿En qué va a beneficiar la instalación de los productos GRAF?

✔️Mejor infiltración de agua al terreno
✔️Aligerar la carga estática

🌐Link in bio
📩 info@grafiberica.com
📞 +34 972 91 37 67

#graf #grafiberica #ottografgmbh #agua #aguadelluvia #recuperaciónaguadelluvia #suds #sostenibilidad #sustainability #consumo #consumoresponsable #ecobloc #ecobloclight #barcelona #environment #medioambiente #water #rain #garden #savewater",#graf #grafiberica #ottografgmbh #agua #aguadelluvia #recuperaciónaguadelluvia #suds #sostenibilidad #sustainability #consumo #consumoresponsable #ecobloc #ecobloclight #barcelona #environment #medioambiente #water #rain #garden #savewater
"Tue, 06 Jun 2023 07:05:51 GMT","✨Sabes como recuperar agua de lluvia en casa?

🏡​En GRAF disponemos de una gran gama de depósitos decorativos para recuperar agua de lluvia que se adaptarán a tu casa y decorarán el jardín a tu gusto. ¿Conoces la gama de depósitos decorativos COLOR? 

✔️Disponible en varios colores
✔️Ideales para recuperar agua de lluvia

📩 info@grafiberica.com
📞 +34 972 91 37 67

#sequia #agua #aguadelluvia #aguapotable #restricciones #casa #casayjardin #decorativo #depositodecorativo #lluvia #recuperacionaguadelluvia #rainwaterharvesting #depositostone2en1 #water #regar #jardin #flores",#sequia #agua #aguadelluvia #aguapotable #restricciones #casa #casayjardin #decorativo #depositodecorativo #lluvia #recuperacionaguadelluvia #rainwaterharvesting #depositostone2en1 #water #regar #jardin #flores
"Mon, 05 Jun 2023 10:30:00 GMT","🌍🌱 ¡Feliz Día Mundial del Medio Ambiente! 🌱🌍

Hoy más que nunca, debemos recordar que debemos cuidar, proteger y preservar nuestro entorno natural para las generaciones futuras. ¡Cada pequeña acción cuenta!

🌿🌍🤝 Hagamos juntos la diferencia!

1️⃣ Reducir, reutilizar y reciclar: ¡Dale una segunda vida a los objetos y minimiza tu huella ecológica!

2️⃣ Ahorra energía: Apaga luces y electrodomésticos cuando no los utilices, opta por energías renovables y sé consciente de tu consumo.

3️⃣ Planta un árbol: Los árboles son pulmones de nuestro planeta. Contribuye al aumento de la vegetación y ayuda a combatir el cambio climático.

4️⃣ Cambia tus hábitos de consumo: Opta por productos eco-friendly y apoya a empresas sostenibles. Juntos podemos impulsar un cambio positivo.

🌈🌏🤗 Recuerda, cada acción, por más pequeña que sea, cuenta. Juntos podemos marcar la diferencia y crear un futuro más verde y sostenible para todos.

#DiaMundialDelMedioAmbiente #CuidemosNuestroPlaneta #Sostenibilidad #PreservaLaNaturaleza #JuntosPorElMedioAmbiente  #GRAF",#DiaMundialDelMedioAmbiente #CuidemosNuestroPlaneta #Sostenibilidad #PreservaLaNaturaleza #JuntosPorElMedioAmbiente #GRAF
"Tue, 30 May 2023 08:01:29 GMT","Conoces nuestra gama de depósitos exteriores para agua de lluvia? Redondos o rectangulares, de diferentes capacidades. 

✔️Robustos
✔️Estables
✔️Económicos 

¿Quieres más información? Link in bio- GARANTIA

📩 info@grafiberica.com
📞 +34 972 91 37 67",
"Thu, 25 May 2023 08:00:14 GMT","🏡¿Sabías que en GRAF Ibérica tenemos fuentes de jardín para extraer el agua de lluvia?

Link in bio y consulta nuestra web para más información!

✔️Muy prácticas
✔️Disponibles en varios colores y modelos

📩 info@grafiberica.com
📞 +34 972 91 37 67

#graf #grafiberica #fuentesdejardín #depósitosoterrado #depósitoexterior #lluvia #agua #aguadelluvia #ahorro #casa #jardín #obra #aguapotable #sostenibilidad #reciclaje #solucionessostenibles #construcción #tratemoselagua #recuperaaguadelluvia #ahorroagua #tormenta",#graf #grafiberica #fuentesdejardín #depósitosoterrado #depósitoexterior #lluvia #agua #aguadelluvia #ahorro #casa #jardín #obra #aguapotable #sostenibilidad #reciclaje #solucionessostenibles #construcción #tratemoselagua #recuperaaguadelluvia #ahorroagua #tormenta
"Tue, 23 May 2023 09:22:40 GMT","✨Nuevo post en nuestro blog!

Cómo seleccionar lo que va al contenedor amarillo
👉Quieres verlo?
Link en bio

📩 info@grafiberica.com
📞 +34 972 91 37 67

#graf #grafiberica #ottografgmbh #agua #aguadelluvia #recuperaciónaguadelluvia #depósitosoterrado #sostenibilidad #sustainability #consumo #consumoresponsable #carat #depósitocarat #environment #medioambiente #water #rain #suds #drenajesostenible #sistemasurbanosdedrenajesostenible #jardín #garden",#graf #grafiberica #ottografgmbh #agua #aguadelluvia #recuperaciónaguadelluvia #depósitosoterrado #sostenibilidad #sustainability #consumo #consumoresponsable #carat #depósitocarat #environment #medioambiente #water #rain #suds #drenajesostenible #sistemasurbanosdedrenajesostenible #jardín #garden
"Thu, 18 May 2023 08:30:05 GMT","✨En GRAF, disponemos de una gran variedad de productos para el drenaje sostenible.

😃 En este caso, hacemos referencia a un proyecto del Parking polideportivo en Cumillas (Cantabria). Se han usado 800 unidades Rain Bloc 300L

¿En qué va a beneficiar el drenaje sostenible de GRAF?
✔️Evitar encharcamientos e inundaciones en la zona
✔️Mejorar la gestión sostenible y escorrentía del agua pluvial

👉Quieres más información?
🌐https://bit.ly/3Ofnhhg
📩 info@grafiberica.com
📞 +34 972 91 37 67

#graf #grafiberica #ottografgmbh #agua #aguadelluvia #recuperaciónaguadelluvia #suds #sostenibilidad #sustainability #consumo #consumoresponsable #ecobloc #ecobloclight #environment #medioambiente #water #rain #garden #savewater",#graf #grafiberica #ottografgmbh #agua #aguadelluvia #recuperaciónaguadelluvia #suds #sostenibilidad #sustainability #consumo #consumoresponsable #ecobloc #ecobloclight #environment #medioambiente #water #rain #garden #savewater
"Tue, 16 May 2023 06:55:07 GMT","✨Sabes lo fácil que es instalar un depósito de recuperación de agua de lluvia Carat? 

Compruébalo en nuestro nuevo vídeo

🌐https://bit.ly/3XyhRjf
📩 info@grafiberica.com
📞 +34 972 91 37 67

#graf #grafiberica #ottografgmbh #agua #aguadelluvia #recuperaciónaguadelluvia #suds #sostenibilidad #sustainability #consumo #consumoresponsable #ecobloc #ecobloclight #environment #medioambiente #water #rain #garden #savewater",#graf #grafiberica #ottografgmbh #agua #aguadelluvia #recuperaciónaguadelluvia #suds #sostenibilidad #sustainability #consumo #consumoresponsable #ecobloc #ecobloclight #environment #medioambiente #water #rain #garden #savewater
"Thu, 11 May 2023 07:28:14 GMT","✨GRAF Ibérica cuenta con una superficie de más de 8.500m2.
¿Quieres conocernos?
 
Visita nuestra página web
📩 info@grafiberica.com
📞 +34 972 91 37 67
 
#graf #grafiberica #showroom #instalaciones #formaciones #rrhh #customerexperience #clientes #customer #client agua #water #medioambiente #sostenibilidad #instalaciones #solucionessostenibles #depuradoras #suds #jardín #jardinería #fosafiltro",#graf #grafiberica #showroom #instalaciones #formaciones #rrhh #customerexperience #clientes #customer #client #water #medioambiente #sostenibilidad #instalaciones #solucionessostenibles #depuradoras #suds #jardín #jardinería #fosafiltro
"Tue, 09 May 2023 07:49:39 GMT","✨Sabes como recuperar agua de lluvia en casa? 

🏡​En GRAF disponemos de una gran gama de depósitos decorativos para recuperar agua de lluvia que se adaptarán a tu casa y decorarán el jardín a tu gusto. 

Porque tener un depósito decorativo GRAF?
✔️Regar tus plantas y el jardín
✔️Decorar tu jardín 
✔️Recuperar agua de lluvia

📩 info@grafiberica.com
📞 +34 972 91 37 67

#sequia #agua #aguadelluvia #aguapotable #restricciones #casa #casayjardin #decorativo #depositodecorativo #lluvia #recuperacionaguadelluvia #rainwaterharvesting #depositostone2en1 #water #regar #jardin #flores",#sequia #agua #aguadelluvia #aguapotable #restricciones #casa #casayjardin #decorativo #depositodecorativo #lluvia #recuperacionaguadelluvia #rainwaterharvesting #depositostone2en1 #water #regar #jardin #flores
"Thu, 04 May 2023 09:44:33 GMT","¡Estamos en TEKTÓNICA (FIL- Lisboa)!
Ven a visitarnos en nuestro stand (2 A 14) y descubre todo lo que tenemos preparado para ti. Te esperamos con increíbles promociones y novedades.
No pierdas la oportunidad de conocer nuestro equipo, nuestra empresa y nuestros productos.
 
📩 info@grafiberica.com
📞 +34 972 91 37 67

#tektónica #agua #water #depuradoras #one2clean #depósitos #depósitosoterrado #aguapotable #tratamientoaguasresiduales #rainwater #wastewater #depósitosgasóleo #separadoresdehidrocarburos #suds #drenajesostenible",#tektónica #agua #water #depuradoras #one2clean #depósitos #depósitosoterrado #aguapotable #tratamientoaguasresiduales #rainwater #wastewater #depósitosgasóleo #separadoresdehidrocarburos #suds #drenajesostenible
"Tue, 02 May 2023 08:00:00 GMT","🏡¿Sabías que en GRAF Ibérica también tenemos depósitos decorativos para la recuperación del agua de lluvia?

Link in bio y consulta nuestra web para más información! 

✔️Fácil instalación
✔️Disponible en varios colores y modelos

¿Quieres saber más? Descúbrelo en:

📩 info@grafiberica.com
📞 +34 972 91 37 67

#graf #grafiberica #depósitosoterrado #depósitoexterior #lluvia #agua #aguadelluvia #ahorro #casa #jardín #obra #aguapotable #sostenibilidad #reciclaje #solucionessostenibles #construcción #tratemoselagua #recuperaaguadelluvia #ahorroagua #tormenta",#graf #grafiberica #depósitosoterrado #depósitoexterior #lluvia #agua #aguadelluvia #ahorro #casa #jardín #obra #aguapotable #sostenibilidad #reciclaje #solucionessostenibles #construcción #tratemoselagua #recuperaaguadelluvia #ahorroagua #tormenta
"Thu, 27 Apr 2023 11:00:00 GMT","✨Nuevo post en nuestro blog!

Por eso a tus plantas les encanta el agua de lluvia.
👉Quieres verlo?
Link in bio

📩 info@grafiberica.com
📞 +34 972 91 37 67

#graf #grafiberica #ottografgmbh #agua #aguadelluvia #recuperaciónaguadelluvia #depósitosoterrado #sostenibilidad #sustainability #consumo #consumoresponsable #carat #depósitocarat #environment #medioambiente #water #rain #suds #drenajesostenible #sistemasurbanosdedrenajesostenible #jardín #garden",#graf #grafiberica #ottografgmbh #agua #aguadelluvia #recuperaciónaguadelluvia #depósitosoterrado #sostenibilidad #sustainability #consumo #consumoresponsable #carat #depósitocarat #environment #medioambiente #water #rain #suds #drenajesostenible #sistemasurbanosdedrenajesostenible #jardín #garden
"Tue, 25 Apr 2023 08:00:03 GMT","✨PREPARA TU HUERTO PARA EL VERANO✨

🌍TIP Nº4: COMPOSTAR

Los compostadores de Garantía, ayudan a reducir los residuos y facilitar el abono fresco a los aficionados de la jardinería. 

✔️Rápido proceso de compostaje gracias a su sistema de ventilación optimizado
✔️Montaje sin herramientas
✔️Hecho de 100% material reciclado

¿Quieres más información?
Link in bio- Página web JARDÍN GARANTÍA-

📩 info@grafiberica.com
📞 +34 972 91 37 67",
"Thu, 20 Apr 2023 09:31:24 GMT","✨PREPARA TU HUERTO PARA EL VERANO✨

🌍TIP Nº3: PLANTAR

Los túneles de cultivo y el huerto urbano GRAF, potenciarán el crecimiento de tus plantas. 
Por qué tenerlos? 

✔️Acelera el crecimiento de las plantas
✔️Recoge el agua de lluvia o riego
✔️Protege las plantas contra el mal tiempo y los parásitos

¿Quieres más información?
Link in bio- Página web JARDÍN GARANTÍA-

📩 info@grafiberica.com
📞 +34 972 91 37 67",
"Tue, 18 Apr 2023 08:00:03 GMT","✨PREPARA TU HUERTO PARA EL VERANO✨

🌍TIP Nº2: ABONAR Y PREPARAR EL TERRENO. 

Las LOSETAS MAXI GRAF, son el pavimento ideal para caminos en jardines y campings. Te convencerán por:

✔️Su máxima seguridad al pisar
✔️Su formato resistente al paso de carretillas
✔️Su superficie antideslizante
✔️Son apilables y fáciles de retirar

¿Quieres más información?
Link in bio- Página web JARDÍN GARANTÍA-

📩 info@grafiberica.com
📞 +34 972 91 37 67",
"Thu, 13 Apr 2023 13:30:00 GMT","✨PREPARA TU HUERTO PARA EL VERANO✨

🏡​¿Quieres preparar tu huerto para el verano? A continuación, te daremos algunos consejos para hacerlo con los productos GRAF.

🌍TIP Nº1: PREPARAR LA TIERRA es lo más importante del proceso. Si lo hacemos bien, conseguiremos:

✔️Facilitar la retención de agua en el suelo
✔️Facilitar la absorción de los nutrientes de la raíz
✔️Facilitar el desarrollo de la planta. 

📩 info@grafiberica.com
📞 +34 972 91 37 67",
"Tue, 11 Apr 2023 10:31:07 GMT","✨NUEVO DEPÓSITO CARAT XL 13.000L✨ 

¡Ampliamos nuestra gama de productos Carat XL!

En GRAF Iberica, ya tenemos disponible el nuevo depósito Carat XL, también en agua potable. 

Qué ventajas tiene el depósito Carat XL de 13.000L?
✔️Bajo peso
✔️Cúpula giratoria
✔️Transitable por vehículos

​👉Quieres más información? 

🌐https://bit.ly/3A7coG9
📩 info@grafiberica.com
📞 +34 972 91 37 67

#graf #grafiberica #ottografgmbh #agua #aguadelluvia #recuperaciónaguadelluvia #suds #sostenibilidad #sustainability #consumo #consumoresponsable #ecobloc #ecobloclight #environment #medioambiente #water #rain #garden #savewater",#graf #grafiberica #ottografgmbh #agua #aguadelluvia #recuperaciónaguadelluvia #suds #sostenibilidad #sustainability #consumo #consumoresponsable #ecobloc #ecobloclight #environment #medioambiente #water #rain #garden #savewater
"Thu, 06 Apr 2023 08:00:00 GMT","✨Nuevo post en nuestro blog!

En GRAF, fabricamos más de tres millones de productos reciclados al año. 
👉Quieres verlos?
Link in bio

📩 info@grafiberica.com
📞 +34 972 91 37 67

#graf #grafiberica #ottografgmbh #agua #aguadelluvia #recuperaciónaguadelluvia #depósitosoterrado #sostenibilidad #sustainability #consumo #consumoresponsable #carat #depósitocarat #environment #medioambiente #water #rain #suds #drenajesostenible #sistemasurbanosdedrenajesostenible",#graf #grafiberica #ottografgmbh #agua #aguadelluvia #recuperaciónaguadelluvia #depósitosoterrado #sostenibilidad #sustainability #consumo #consumoresponsable #carat #depósitocarat #environment #medioambiente #water #rain #suds #drenajesostenible #sistemasurbanosdedrenajesostenible
"Tue, 04 Apr 2023 08:00:00 GMT","✨En GRAF, disponemos de una gran variedad de productos para la recuperación de agua de lluvia.

😃 En este caso, hacemos referencia a un proyecto en Cabrils (Barcelona) donde recogemos y almacenamos 20.000L de agua de lluvia con nuestro depósito Carat XL. El proyecto también cuenta con la instalación de una fosa filtro anaerobix y pack de túneles de infiltración para aguas residuales.

¿En qué va a beneficiar esta instalación de nuestros productos GRAF?
✔️Ahorro de agua en la vivienda
✔️Contribución a la sostenibilidad

👉Quieres más información?
🌐https://bit.ly/3ZDhOTA
📩 info@grafiberica.com
📞 +34 972 91 37 67

#graf #grafiberica #ottografgmbh #agua #aguadelluvia #recuperaciónaguadelluvia #suds #sostenibilidad #sustainability #consumo #consumoresponsable #ecobloc #ecobloclight #environment #medioambiente #water #rain #garden #savewater

https://bit.ly/3ZDhOTA",#graf #grafiberica #ottografgmbh #agua #aguadelluvia #recuperaciónaguadelluvia #suds #sostenibilidad #sustainability #consumo #consumoresponsable #ecobloc #ecobloclight #environment #medioambiente #water #rain #garden #savewater
"Thu, 30 Mar 2023 08:00:00 GMT","El pasado martes día 28 de marzo, nuestra compañera Blanca León presentó en el webinar de @aguasresiduales.info S.L nuestro Caso de éxito: Al-Mutlaa, Kuwait ""Instalación de un sistema de infiltración en las arenas del desierto""

¿Quieres verlo?

👉 https://bit.ly/40twSnJ",
"Tue, 28 Mar 2023 08:48:05 GMT","En nuestra empresa, la formación es una prioridad. ¡Queremos que nuestros trabajadores estén siempre actualizados y preparados para ofrecerte el mejor servicio posible! 📚

Por eso, hemos iniciado una formación especializada en montaje de depuradoras y fosas sépticas para todos nuestros empleados. Durante la sesión, aprendieron todo lo que necesitaban saber sobre nuestros productos y cómo pueden ayudarte a satisfacer tus necesidades. 🙌🏼

¡Estamos emocionados de compartir con nuestros trabajadores los secretos detrás de nuestros productos y cómo pueden ayudarte a ti! 🤩 ¡Gracias por elegir nuestra empresa como tu proveedor de confianza! 💪🏼

#FormaciónDeProductos #MejoraContinua #NuestraCompañía #TrabajadoresMotivados #ExperienciaDelCliente #customerexperience #employeeexperience #tratamientodeaguasresiduales #wastewatersolutions #suds #depósitos #recuperaciónaguadelluvia #rainwaterharvesting #graf #grafiberica #team #rrhh",#FormaciónDeProductos #MejoraContinua #NuestraCompañía #TrabajadoresMotivados #ExperienciaDelCliente #customerexperience #employeeexperience #tratamientodeaguasresiduales #wastewatersolutions #suds #depósitos #recuperaciónaguadelluvia #rainwaterharvesting #graf #grafiberica #team #rrhh
"Thu, 23 Mar 2023 12:04:14 GMT","Arrancamos! Ya estamos en Connecting GAMMA. Ven a visitarnos en el Stand 31. 

¡Te esperamos! @grupgamma",
"Wed, 22 Mar 2023 08:13:00 GMT","Feliz día internacional del agua! 

Hoy aprovechamos para recordar la importancia que tiene el agua para la vida en la tierra. Es indispensable para todos. 

En GRAF, trabajamos cada día para promover un consumo responsable y sostenible del agua. ¿Quieres saber más?

Visita nuestra página web

📩info@grafiberica.com
📞 +34 972 91 37 67

#medioambiente #environment #graf #agua #water #aguapotable #sostenibilidad #sustainability #depositossoterrados #depositosexteriores #suds #depuradoras #one2clean #separadoresdegrasas #depósitosdegasóleo",#medioambiente #environment #graf #agua #water #aguapotable #sostenibilidad #sustainability #depositossoterrados #depositosexteriores #suds #depuradoras #one2clean #separadoresdegrasas #depósitosdegasóleo
"Tue, 21 Mar 2023 07:36:07 GMT","Los próximos días 23-24 de Marzo de 2023 estaremos en la feria #connectinggamma del 
@grupgamma
 
¡Os esperamos!

📩 info@grafiberica.com
📞 +34 972 91 37 67

#graf #grafiberica #depósitosoterrado #depósitoexterior #lluvia #agua #aguadelluvia #ahorro #casa #jardín #obra #aguapotable #sostenibilidad #reciclaje #solucionessostenibles #construcción #tratemoselagua #recuperaaguadelluvia #ahorroagua #tormenta",#connectinggamma #graf #grafiberica #depósitosoterrado #depósitoexterior #lluvia #agua #aguadelluvia #ahorro #casa #jardín #obra #aguapotable #sostenibilidad #reciclaje #solucionessostenibles #construcción #tratemoselagua #recuperaaguadelluvia #ahorroagua #tormenta
"Wed, 08 Mar 2023 09:04:51 GMT","¡Feliz Día Internacional de la Mujer! 💜Hoy queremos honrar a todas las mujeres fuertes, valientes y poderosas que nos inspiran a diario. 

En GRAF, nos enorgullecemos de tener a mujeres increíbles que trabajan duro para lograr nuestros y sus objetivos. Valoramos su dedicación, talento y seguiremos apoyándolas en su camino hacia el éxito. 🙌🏼

¡Unidas somos más fuertes, unidas somos mejores! 

#DíaInternacionaldelaMujer #IgualdaddeGénero #MujeresPoderosas #InternationalWomensDay #InternationalWomensDay2023 #Mujeres #graf #grafiberica #ottografgmbh",#DíaInternacionaldelaMujer #IgualdaddeGénero #MujeresPoderosas #InternationalWomensDay #InternationalWomensDay2023 #Mujeres #graf #grafiberica #ottografgmbh
"Tue, 07 Mar 2023 09:50:46 GMT","Estamos en SMAGUA!
Ven a visitarnos en nuestro stand (E-F/15-20) y descubre todo lo que tenemos preparado para ti. Te esperamos con increíbles promociones y novedades.
No pierdas la oportunidad de conocer nuestro equipo, nuestra empresa y nuestros productos.
 
#smagua #agua #water #depuradoras #one2clean #depósitos #depósitosoterrado #aguapotable #tratamientoaguasresiduales #rainwater #wastewater #depósitosgasóleo #separadoresdehidrocarburos #suds #drenajesostenible",#smagua #agua #water #depuradoras #one2clean #depósitos #depósitosoterrado #aguapotable #tratamientoaguasresiduales #rainwater #wastewater #depósitosgasóleo #separadoresdehidrocarburos #suds #drenajesostenible
"Thu, 02 Mar 2023 11:48:48 GMT","📢 ¿Sabías que GRAF vende en toda la península ibérica? 🌍 Así es, sin importar dónde te encuentres en España o Portugal🚚

📲 Visita nuestro sitio web o contáctanos para obtener más información sobre nuestros productos y servicios.
Nuestro equipo comercial y técnico te atenderán sin compromiso. 

📩 info@grafiberica.com
📞 +34 972 91 37 67

#graf #sostenibilidad #sustainability #medioambiente #environment #agua #aguadelluvia #cambioclimatico #climatechange #rain #water #business #sustainablebusiness #ottografgmbh #empresasostenible #reciclaje #recycling #recicledproducts #productosreciclados #depositos #diy",#graf #sostenibilidad #sustainability #medioambiente #environment #agua #aguadelluvia #cambioclimatico #climatechange #rain #water #business #sustainablebusiness #ottografgmbh #empresasostenible #reciclaje #recycling #recicledproducts #productosreciclados #depositos #diy
"Tue, 28 Feb 2023 09:00:13 GMT","🏡​¿Sabías que recoger agua de lluvia en casa puede ser una forma fácil y efectiva de cuidar el medio ambiente y ahorrar dinero? 

👉Empieza a hacerlo de forma sencilla con los productos GRAF. 
¿Quieres saber más?

📩info@grafiberica.com
📞 +34 972 91 37 67

#medioambiente #environment #graf #agua #water #aguapotable #sostenibilidad #sustainability #depositossoterrados #depositosexteriores #suds #depuradoras #one2clean #separadoresdegrasas #depósitosdegasóleo",#medioambiente #environment #graf #agua #water #aguapotable #sostenibilidad #sustainability #depositossoterrados #depositosexteriores #suds #depuradoras #one2clean #separadoresdegrasas #depósitosdegasóleo
"Thu, 23 Feb 2023 09:00:10 GMT","​🌍La innovación ahorra recursos ​🌍
¿Quieres saber como fabricamos nuestros productos? 

✔️Plantas de fabricación con la tecnología más moderna. 
✔️Reducción de recursos energéticos gracias a la recuperación térmica
✔️Gestión de la energía certificada.

¡Visita nuestra web para más información!

📩info@grafiberica.com
📞 +34 972 91 37 67

#medioambiente #environment #graf #agua #water #aguapotable #sostenibilidad #sustainability #depositossoterrados #depositosexteriores #suds #depuradoras #one2clean #separadoresdegrasas #depósitosdegasóleo",#medioambiente #environment #graf #agua #water #aguapotable #sostenibilidad #sustainability #depositossoterrados #depositosexteriores #suds #depuradoras #one2clean #separadoresdegrasas #depósitosdegasóleo
"Tue, 21 Feb 2023 09:00:07 GMT","🏡​Descubre toda nuestra gama de depósitos decorativos GRAF y empieza a recuperar agua de lluvia en casa de forma sencilla! 

✔️Fácil instalación
✔️Disponible en varios colores y modelos

¿Quieres saber más? Descúbrelo en: 

🌐https://bit.ly/3lLrrkB
📩 info@grafiberica.com
📞 +34 972 91 37 67

#graf #grafiberica #depósitosoterrado #depósitoexterior #lluvia #agua #aguadelluvia #ahorro #casa #jardín #obra #aguapotable #sostenibilidad #reciclaje #solucionessostenibles #construcción #tratemoselagua #recuperaaguadelluvia #ahorroagua #tormenta",#graf #grafiberica #depósitosoterrado #depósitoexterior #lluvia #agua #aguadelluvia #ahorro #casa #jardín #obra #aguapotable #sostenibilidad #reciclaje #solucionessostenibles #construcción #tratemoselagua #recuperaaguadelluvia #ahorroagua #tormenta
"Thu, 16 Feb 2023 10:31:07 GMT","🌍POR UN PLANETA MÁS VERDE🌍
En GRAF, fabricamos nuestros productos con materias primas recicladas. 
​👉Todo esto sin comprometer de ninguna manera los estándares de calidad en el producto y manteniendo todos los criterios de sostenibilidad.

Más del 50% de los materiales que utilizamos en GRAF provienen de materias primas recicladas. 

Quieres saber más?
👉https://bit.ly/3XA7WZy
📩info@grafiberica.com
📞 +34 972 91 37 67

#medioambiente #environment #graf #agua #water #aguapotable #sostenibilidad #sustainability #depositossoterrados #depositosexteriores #suds #depuradoras #one2clean #separadoresdegrasas #depósitosdegasóleo",#medioambiente #environment #graf #agua #water #aguapotable #sostenibilidad #sustainability #depositossoterrados #depositosexteriores #suds #depuradoras #one2clean #separadoresdegrasas #depósitosdegasóleo
"Tue, 14 Feb 2023 09:00:06 GMT","✨En GRAF, disponemos de una gran variedad de productos para el drenaje sostenible.

😃 En este caso, hacemos referencia a un proyecto del Parque Arriaga de Madrid. Se ha usado el Ecobloc light y la arqueta Vario800 flex. 

¿En qué va a beneficiar el drenaje sostenible de GRAF?
✔️Evitar encharcamientos e inundaciones en la zona
✔️Mejorar la gestión sostenible y escorrentía del agua pluvial

👉Quieres más información?
🌐https://bit.ly/3xii1zN
📩 info@grafiberica.com
📞 +34 972 91 37 67

#graf #grafiberica #ottografgmbh #agua #aguadelluvia #recuperaciónaguadelluvia #suds #sostenibilidad #sustainability #consumo #consumoresponsable #ecobloc #ecobloclight #environment #medioambiente #water #rain #garden #savewater",#graf #grafiberica #ottografgmbh #agua #aguadelluvia #recuperaciónaguadelluvia #suds #sostenibilidad #sustainability #consumo #consumoresponsable #ecobloc #ecobloclight #environment #medioambiente #water #rain #garden #savewater
"Wed, 08 Feb 2023 09:10:20 GMT","✨Nuevo vídeo en nuestro canal de Youtube! 
-INSTALACIÓN DE UN SISTEMA DE RECUPERACIÓN DE AGUA DE LLUVIA-

​👉Descubre lo fácil que es tener uno en tu casa! 

Link in bio y accede a nuestro canal! 

🌐https://bit.ly/3XyhRjf
📩 info@grafiberica.com
📞 +34 972 91 37 67

#graf #grafiberica #ottografgmbh #agua #aguadelluvia #recuperaciónaguadelluvia #suds #sostenibilidad #sustainability #consumo #consumoresponsable #ecobloc #ecobloclight #environment #medioambiente #water #rain #garden #savewater",#graf #grafiberica #ottografgmbh #agua #aguadelluvia #recuperaciónaguadelluvia #suds #sostenibilidad #sustainability #consumo #consumoresponsable #ecobloc #ecobloclight #environment #medioambiente #water #rain #garden #savewater
"Thu, 02 Feb 2023 16:30:00 GMT","🌍GRAF fabrica productos con materias primas recicladas. Todo sin comprometer los estándares de calidad en el producto y manteniendo todos los criterios de sostenibilidad.

Sabías que
✔️Más del 50% de materiales que usamos en GRAF provienen de materias primas recicladas
✔️Gracias a nuestro propio reciclaje, garantizamos una alta calidad de las materias primas
✔️Hemos conseguido evitar 100.000 toneladas de emisiones CO2 cada año

Quieres saber más?
👉https://bit.ly/3DAYiyW 
📩info@grafiberica.com
📞 +34 972 91 37 67

#medioambiente #environment #graf #agua #water #aguapotable #sostenibilidad #sustainability #depositossoterrados #depositosexteriores #suds #depuradoras #one2clean #separadoresdegrasas #depósitosdegasóleo",#medioambiente #environment #graf #agua #water #aguapotable #sostenibilidad #sustainability #depositossoterrados #depositosexteriores #suds #depuradoras #one2clean #separadoresdegrasas #depósitosdegasóleo
"Tue, 31 Jan 2023 09:31:00 GMT","✨¿Quieres abonar tus cultivos de forma natural? Con nuestra Urban Composter puedes. 

Todos los días producimos residuos orgánicos (cáscaras de huevo, lechuga, zanahoria, etc). ¿Sabías que, si los guardas y pones en una compostadora, puedes crear un compost casero?

¿Qué ventajas ofrece?
✔️ Ahorro de agua del riego
✔️Incremento de la materia orgánica en los suelos agrícolas
✔️Disminución de gases de efecto invernadero. 

🌐https://bit.ly/3Y2MHAw
📩 info@grafiberica.com
📞 +34 972 91 37 67

#compost #compostaje #graf #grafiberica #urbancomposter #medioambiente #sustainability #residuos #sostenibilidad #reciclaje #speedycompost #jardín #garden #compostadora #diy #doityourself",#compost #compostaje #graf #grafiberica #urbancomposter #medioambiente #sustainability #residuos #sostenibilidad #reciclaje #speedycompost #jardín #garden #compostadora #diy #doityourself
"Thu, 26 Jan 2023 12:14:00 GMT","✨Nuevo post en nuestro blog!

10 Razones para utilizar agua de lluvia. 
👉Quieres conocerlas?
https://bit.ly/3Hzgewb

📩 info@grafiberica.com
📞 +34 972 91 37 67

#graf #grafiberica #ottografgmbh #agua #aguadelluvia #recuperaciónaguadelluvia #depósitosoterrado #sostenibilidad #sustainability #consumo #consumoresponsable #carat #depósitocarat #environment #medioambiente #water #rain #garden #house #savewater #proyectos #jardín #invierno #heladas #blog #blogpost #depósitodecorativo",#graf #grafiberica #ottografgmbh #agua #aguadelluvia #recuperaciónaguadelluvia #depósitosoterrado #sostenibilidad #sustainability #consumo #consumoresponsable #carat #depósitocarat #environment #medioambiente #water #rain #garden #house #savewater #proyectos #jardín #invierno #heladas #blog #blogpost #depósitodecorativo
"Tue, 24 Jan 2023 09:38:41 GMT","✨En GRAF, disponemos de una gran variedad de productos para la recuperación del agua de lluvia.

😃 En este caso, hacemos referencia un depósito soterrado de agua potable Carat XXL de 52.000L en Braga- Portugal. 

¿En qué va a beneficiar un depósito soterrado de agua potable GRAF?
✔️Ahorro considerable en la factura del agua
✔️Gestión sostenible del agua

🌐https://bit.ly/3XyhRjf
📩 info@grafiberica.com
📞 +34 972 91 37 67

#graf #grafiberica #ottografgmbh #agua #aguadelluvia #recuperaciónaguadelluvia #suds #sostenibilidad #sustainability #consumo #consumoresponsable #ecobloc #ecobloclight #environment #medioambiente #water #rain #garden #savewater",#graf #grafiberica #ottografgmbh #agua #aguadelluvia #recuperaciónaguadelluvia #suds #sostenibilidad #sustainability #consumo #consumoresponsable #ecobloc #ecobloclight #environment #medioambiente #water #rain #garden #savewater
"Tue, 17 Jan 2023 12:02:04 GMT","😃¿Habéis visitado nuestro #showroom?
Es parte del recorrido de nuestra #customerexperience.
En él, nuestros departamentos técnico y comercial ofrecen:
 
✔️Formaciones de producto.
✔️Exposición real de nuestros productos.
 
✨En la visita a nuestro #showroom, tenemos la posibilidad de mostrar los productos #GRAF. 

🌐https://bit.ly/3DNmCxZ
📩 info@grafiberica.com
📞 +34 972 91 37 67

#graf #grafiberica #showroom #instalaciones #formaciones #rrhh #customerexperience #clientes #customer #client agua #water #medioambiente #sostenibilidad #instalaciones #solucionessostenibles #depuradoras #suds #jardín #jardinería #fosafiltro","#showroom? #customerexperience. #showroom, #GRAF. #graf #grafiberica #showroom #instalaciones #formaciones #rrhh #customerexperience #clientes #customer #client #water #medioambiente #sostenibilidad #instalaciones #solucionessostenibles #depuradoras #suds #jardín #jardinería #fosafiltro"
"Thu, 12 Jan 2023 09:36:33 GMT","✨En GRAF trabajamos con productos sostenibles, está en nuestro ADN. 

¿Sabías que con los depósitos de #GRAF cada día nuestros clientes ahorran más de 140 millones de litros de agua potable?

🌍Sólo un 1% del agua que tenemos en la tierra se puede utilizar para usos potables. Este agua debe ser usada con responsabilidad. No es necesario agua potable para todos los usos de la casa. 

​👉Descubre como contribuir a un uso sostenible del agua con GRAF.

🌐https://bit.ly/3Xlm35d
📩 info@grafiberica.com
📞 +34 972 91 37 67

#medioambiente #environment #graf #agua #water #aguapotable #sostenibilidad #sustainability #depositossoterrados #depositosexteriores #suds #depuradoras #one2clean #separadoresdegrasas #depósitosdegasóleo",#GRAF #medioambiente #environment #graf #agua #water #aguapotable #sostenibilidad #sustainability #depositossoterrados #depositosexteriores #suds #depuradoras #one2clean #separadoresdegrasas #depósitosdegasóleo
"Tue, 10 Jan 2023 09:23:00 GMT","✨Nueva fosa filtro Anaerobix 3000L. En GRAF, estamos constantemente innovando y estudiando las necesidades de nuestros clientes. Por eso, presentamos nuestra novedad: La Fosa Filtro Anaerobix Compact de 3000L. La fosa filtro de siempre, ahora con más capacidad. 

¿Que ventajas ofrece? 
✔️Depósito de PEAD , de alta calidad y durabilidad
✔️Marcaje CE, según normativa EN 12566-1
✔️Instalación fácil, económica y rápida. Base y compactación con grava
✔️Conexiones DN100

🌐https://bit.ly/3DNmCxZ
📩 info@grafiberica.com
📞 +34 972 91 37 67

 #agua #aguasresiduales #fosafiltro #anaerobix #depuradora #tratamientodeaguasresiduales #grafiberica #lluvia #casa #hotel #grafiberica #sotenibilidad #sustainability #fosafiltro #fosaseptica #depuradoras #environment #obra #water",#agua #aguasresiduales #fosafiltro #anaerobix #depuradora #tratamientodeaguasresiduales #grafiberica #lluvia #casa #hotel #grafiberica #sotenibilidad #sustainability #fosafiltro #fosaseptica #depuradoras #environment #obra #water
"Mon, 09 Jan 2023 08:27:00 GMT","✨Nuevo post en nuestro blog!

¿Sabes como cuidar tu jardín en invierno? Nosotros te damos todos los tips esenciales para conservarlo sin que las heladas lo dañen. 
👉Quieres más información?
https://bit.ly/3Cya78s

📩 info@grafiberica.com
📞 +34 972 91 37 67

#graf #grafiberica #ottografgmbh #agua #aguadelluvia #recuperaciónaguadelluvia #depósitosoterrado #sostenibilidad #sustainability #consumo #consumoresponsable #carat #depósitocarat #environment #medioambiente #water #rain #garden #house #savewater #proyectos #jardín #invierno #heladas #blog #blogpost",#graf #grafiberica #ottografgmbh #agua #aguadelluvia #recuperaciónaguadelluvia #depósitosoterrado #sostenibilidad #sustainability #consumo #consumoresponsable #carat #depósitocarat #environment #medioambiente #water #rain #garden #house #savewater #proyectos #jardín #invierno #heladas #blog #blogpost
"Wed, 04 Jan 2023 10:45:00 GMT","✨En GRAF, disponemos de una gran variedad de productos para el drenaje sostenible.

😃 En este caso, hacemos referencia a la reurbanización de la calle Cristóbal Moura de Barcelona. En el proyecto, se usaron 1.890 unidades del sistema Ecobloc Light. 

¿En qué va a beneficiar el drenaje sostenible de GRAF?
✔️Evitar encharcamientos e inundaciones en la zona
✔️Mejorar la gestión sostenible y escorrentía del agua pluvial

👉Quieres más información?
https://bit.ly/3AvNlgr

🌐https://bit.ly/3DNmCxZ
📩 info@grafiberica.com
📞 +34 972 91 37 67

#graf #grafiberica #ottografgmbh #agua #aguadelluvia #recuperaciónaguadelluvia #suds #sostenibilidad #sustainability #consumo #consumoresponsable #ecobloc #ecobloclight #environment #medioambiente #water #rain #garden #savewater",#graf #grafiberica #ottografgmbh #agua #aguadelluvia #recuperaciónaguadelluvia #suds #sostenibilidad #sustainability #consumo #consumoresponsable #ecobloc #ecobloclight #environment #medioambiente #water #rain #garden #savewater
"Sat, 24 Dec 2022 09:30:03 GMT","✨ Hoy último día de nuestro calendario! El equipo de #GRAF ibérica os desea a todos una Feliz Navidad y Felices Fiestas. ​🎄

¡Por muchos años más juntos!

Contacta con nosotros
🌐https://bit.ly/3DNmCxZ
📩 info@grafiberica.com
📞 +34 972 91 37 67

#graf #grafiberica #lluvia #aguadelluvia #agua #recuperaciónaguadelluvia #recuperaaguadelluvia #aguasresiduales #depósitos #depósitossoterrados #depósitosexteriores #sostenibilidad #reciclaje #reutiliza #solucionessostenibles #ahorro #tratemoselagua #team #morethanateam",#GRAF #graf #grafiberica #lluvia #aguadelluvia #agua #recuperaciónaguadelluvia #recuperaaguadelluvia #aguasresiduales #depósitos #depósitossoterrados #depósitosexteriores #sostenibilidad #reciclaje #reutiliza #solucionessostenibles #ahorro #tratemoselagua #team #morethanateam
"Fri, 23 Dec 2022 10:00:06 GMT","✨Toda empresa tiene un Managing Director, y el nuestro es Jordi Torras. 😃​ El director de nuestra orquesta 🎵🎵🎵

Desliza el calendario para conocerlo!

🌐https://bit.ly/3DNmCxZ
📩 info@grafiberica.com
📞 +34 972 91 37 67

#employee #team #managingdirector #director #directorgeneral #graf #grafiberica #ottografgmbh #agua #water #aguadelluvia #morethanateam #employee #rrhh #recursoshumanos #empleado",#employee #team #managingdirector #director #directorgeneral #graf #grafiberica #ottografgmbh #agua #water #aguadelluvia #morethanateam #employee #rrhh #recursoshumanos #empleado
"Thu, 22 Dec 2022 09:30:03 GMT","✨¿Finanzas en orden? ¡Claro que si! Joana, nuestra Finance & Operations manager lo tiene todo bajo control. 😃​

Deslizad el calendario para conocerla! 

🌐https://bit.ly/3DNmCxZ
📩 info@grafiberica.com
📞 +34 972 91 37 67 

#employee #team #finance #financialmanager #operations #operaciones #graf #grafiberica #ottografgmbh #welcometotheteam #agua #water #aguadelluvia #financeandoperationsmanager #employee #rrhh #recursoshumanos #empleado",#employee #team #finance #financialmanager #operations #operaciones #graf #grafiberica #ottografgmbh #welcometotheteam #agua #water #aguadelluvia #financeandoperationsmanager #employee #rrhh #recursoshumanos #empleado
"Wed, 21 Dec 2022 09:30:19 GMT","✨Hoy presentamos una foto aérea de una de nuestras sedes centrales. En este caso, Teningen, Alemania. 
Una foto impresionante donde podéis haceros una idea de la extensión del centro productivo.

​👉¿Queréis más información de nuestro producto?

🌐https://bit.ly/3DNmCxZ
📩 info@grafiberica.com
📞 +34 972 91 37 67

#graf #grafiberica #lluvia #aguadelluvia #agua #recuperaciónaguadelluvia #recuperaaguadelluvia #aguasresiduales #depósitos #depósitossoterrados #depósitosexteriores #sostenibilidad #reciclaje #reutiliza #solucionessostenibles #ahorro #tratemoselagua",#graf #grafiberica #lluvia #aguadelluvia #agua #recuperaciónaguadelluvia #recuperaaguadelluvia #aguasresiduales #depósitos #depósitossoterrados #depósitosexteriores #sostenibilidad #reciclaje #reutiliza #solucionessostenibles #ahorro #tratemoselagua
"Tue, 20 Dec 2022 09:33:12 GMT","😃 Hoy os presentamos a Gemma Prunell, que se incorporó el mes de septiembre como Marketing & Communications Manager.

Entre sus tareas diarias, Gemma nos ayuda en:
✔️Elaboración y seguimiento del plan de marketing
✔️Creación y coordinación de contenidos
✔️Diseñar todo el material gráfico de GRAF

🌐https://graf.info/es-es/
📩 info@grafiberica.com
📞 +34 972 91 37 67

#employee #team #marketing #communications #comunicación #diseño #digitalmarketing #graf #grafiberica #ottografgmbh #welcometotheteam #agua #water #aguadelluvia #marketingmanager #employee #rrhh #recursoshumanos #empleado #bienvenidaalequipo #welcometotheteam",#employee #team #marketing #communications #comunicación #diseño #digitalmarketing #graf #grafiberica #ottografgmbh #welcometotheteam #agua #water #aguadelluvia #marketingmanager #employee #rrhh #recursoshumanos #empleado #bienvenidaalequipo #welcometotheteam
"Mon, 19 Dec 2022 10:13:47 GMT","✨ Desliza para conocer a Pep, nuestro Key Account Manager zona Norte. Además, hoy es su cumpleaños ¡Le deseamos lo mejor!

🌐https://graf.info/es-es/
📩 info@grafiberica.com
📞 +34 972 91 37 67

#employee #team #comercial #communications #comunicación #keyaccountmanager #graf #grafiberica #ottografgmbh #agua #water #aguadelluvia #employee #rrhh #recursoshumanos #empleado #morethanateam",#employee #team #comercial #communications #comunicación #keyaccountmanager #graf #grafiberica #ottografgmbh #agua #water #aguadelluvia #employee #rrhh #recursoshumanos #empleado #morethanateam
"Sun, 18 Dec 2022 10:24:30 GMT","😃 En GRAF IBÉRICA disponemos de STOCK PERMANENTE para dar mejor servicio a nuestros clientes.

👉De esta forma, garantizamos mayor agilidad en la entrega de pedidos.

¿Quieres una solución para la gestión del agua?

Contacta con nosotros
🌐https://graf.info/es-es/
📩 info@grafiberica.com
📞 +34 972 91 37 67

#graf #grafiberica #lluvia #aguadelluvia #agua #recuperaciónaguadelluvia #recuperaaguadelluvia #aguasresiduales #depósitos #depósitossoterrados #depósitosexteriores #sostenibilidad #reciclaje #reutiliza #solucionessostenibles #ahorro #tratemoselagua",#graf #grafiberica #lluvia #aguadelluvia #agua #recuperaciónaguadelluvia #recuperaaguadelluvia #aguasresiduales #depósitos #depósitossoterrados #depósitosexteriores #sostenibilidad #reciclaje #reutiliza #solucionessostenibles #ahorro #tratemoselagua
"Sat, 17 Dec 2022 10:42:34 GMT","✨Ayer todos los trabajadores de #GRAF fuimos a visitar el Camp Nou! 😃  Queréis verlo? 

#graf #barça #fcbarcelona #navidad",#GRAF #graf #barça #fcbarcelona #navidad
"Fri, 16 Dec 2022 10:01:03 GMT","✨Abre la ventana para conocer a Jose, nuestro Key Account Manager zona Andalucía y Extremadura😃​Os ayudará en todos vuestros proyectos. 

🌐https://bit.ly/3DNmCxZ
📩 info@grafiberica.com
📞 +34 972 91 37 67

#equipo #keyaccountmanager #suds #drenajesostenible #productos #products #grafproducts #ecobloc #infiltración #arqueta #cubiertas #terreno #arquetamodular #agua #water #lluvia #aguadelluvia #rainwater #graf #ottografgmbh #team #morethanatem #depuradora #depósito #carat #platin",#equipo #keyaccountmanager #suds #drenajesostenible #productos #products #grafproducts #ecobloc #infiltración #arqueta #cubiertas #terreno #arquetamodular #agua #water #lluvia #aguadelluvia #rainwater #graf #ottografgmbh #team #morethanatem #depuradora #depósito #carat #platin
"Thu, 15 Dec 2022 09:37:23 GMT","✨En GRAF somos conscientes de los problemas de sequía alrededor del mundo. Por eso, hemos donado a la asociación para el río Senegal:

✔️35 depósitos flexibles de agua 1.500 litros
✔️23 depósitos flexibles de agua de 2.500 litros
✔️6 depósitos flexibles de agua potable de 3.000 litros

¡Esperemos que les ayuden a combatir la sequía y los problemas de abastecimiento de agua!

Contacta con nosotros
🌐https://bit.ly/3DNmCxZ
📩 info@grafiberica.com
📞 +34 972 91 37 67

#graf #ottografgmbh #grafiberica #charity #donación #agua #depósitosdeagua #depósitosdeaguapotable #water #rain #senegal #río #sequía #recuperaciónaguadelluvia #rainwaterharvesting #lluvia",#graf #ottografgmbh #grafiberica #charity #donación #agua #depósitosdeagua #depósitosdeaguapotable #water #rain #senegal #río #sequía #recuperaciónaguadelluvia #rainwaterharvesting #lluvia
"Wed, 14 Dec 2022 09:45:06 GMT","✨¿Dudas técnicas? ¡Jordi Puig te ayudará!😃​ Es el empleado más antiguo de #GRAF y conoce todos los secretos de nuestros productos. Abre la ventana para conocerlo! 

🌐https://bit.ly/3DNmCxZ
📩 info@grafiberica.com
📞 +34 972 91 37 67

#employee #team #graf #grafiberica #ottografgmbh #seniorteam #agua #water #aguadelluvia #technician #responsabletécnico #employee #rrhh #recursoshumanos #empleado #bienvenidoalequipo",#GRAF #employee #team #graf #grafiberica #ottografgmbh #seniorteam #agua #water #aguadelluvia #technician #responsabletécnico #employee #rrhh #recursoshumanos #empleado #bienvenidoalequipo
"Tue, 13 Dec 2022 09:37:42 GMT","😃​ ¿Logística optimizada? ¡Por supuesto! Younes Mellouk, nuestro responsable logístico, se encarga de todo! ✨ 

🌐https://bit.ly/3DNmCxZ
📩 info@grafiberica.com
📞 +34 972 91 37 67

#employee #team #logística #responsablelogístico #graf #grafiberica #ottografgmbh #pedidos #agua #water #aguadelluvia  #employee #rrhh #recursoshumanos #empleado #bienvenidoalequipo",#employee #team #logística #responsablelogístico #graf #grafiberica #ottografgmbh #pedidos #agua #water #aguadelluvia #employee #rrhh #recursoshumanos #empleado #bienvenidoalequipo
"Mon, 12 Dec 2022 09:40:02 GMT","✨En #GRAF, disponemos de stock permanente en nuestra sede en Aiguaviva ¿Necesitas producto? ¡Nosotros lo tenemos! 

🌐https://bit.ly/3DNmCxZ
📩 info@grafiberica.com
📞 +34 972 91 37 67

#graf #ottografgmbh #lluvia #agua #recuperacionaguadelluvia #sostenibilidad #sustainability #depósitoexterior #jardín #compostadoras #tratamientoaguasresiduales #depósitosgasóleo #suds #drenajesostenible #ahorroagua #medioambiente #water #rain #calidad #reciclaje #solucionesunicas","#GRAF, #graf #ottografgmbh #lluvia #agua #recuperacionaguadelluvia #sostenibilidad #sustainability #depósitoexterior #jardín #compostadoras #tratamientoaguasresiduales #depósitosgasóleo #suds #drenajesostenible #ahorroagua #medioambiente #water #rain #calidad #reciclaje #solucionesunicas"
"Sun, 11 Dec 2022 09:35:24 GMT","✨2022 nos ha traído muchos cambios, entre ellos... ¡Nuestra nueva sala de formaciones! Equipada con la última tecnología. 
¿Quieres verla? Abre el día 11!

🌐https://bit.ly/3DNmCxZ
📩 info@grafiberica.com
📞 +34 972 91 37 67

#graf #ottografgmbh #lluvia #agua #recuperacionaguadelluvia #sostenibilidad #sustainability #depósitoexterior #jardín #compostadoras #tratamientoaguasresiduales #depósitosgasóleo #suds #drenajesostenible #ahorroagua #medioambiente #water #rain #calidad #reciclaje #solucionesunicas",#graf #ottografgmbh #lluvia #agua #recuperacionaguadelluvia #sostenibilidad #sustainability #depósitoexterior #jardín #compostadoras #tratamientoaguasresiduales #depósitosgasóleo #suds #drenajesostenible #ahorroagua #medioambiente #water #rain #calidad #reciclaje #solucionesunicas
"Sat, 10 Dec 2022 09:37:23 GMT","✨Abre la ventana para conocer a David, nuestro Key Account Manager DIY y Baleares, gran profesional con muchos años de experiencia en el sector. 😃 

🌐https://bit.ly/3DNmCxZ
📩 info@grafiberica.com
📞 +34 972 91 37 67

#employee #team #diy  #diyspecialist #graf #grafiberica #ottografgmbh #welcometotheteam #agua #water #aguadelluvia #accountingmanager #employee #rrhh #recursoshumanos #empleado #bienvenidaalequipo",#employee #team #diy #diyspecialist #graf #grafiberica #ottografgmbh #welcometotheteam #agua #water #aguadelluvia #accountingmanager #employee #rrhh #recursoshumanos #empleado #bienvenidaalequipo
"Fri, 09 Dec 2022 09:37:42 GMT","✨ ¿DIY Specialist? ¡Esta es Elia! Trabaja en #GRAF desde hace muchos años. Si necesitas cualquier cosa ¡ella lo sabe! 😃

🌐https://bit.ly/3DNmCxZ
📩 info@grafiberica.com
📞 +34 972 91 37 67

#employee #team #diy  #diyspecialist #graf #grafiberica #ottografgmbh #welcometotheteam #agua #water #aguadelluvia #accountingmanager #employee #rrhh #recursoshumanos #empleado #bienvenidaalequipo",#GRAF #employee #team #diy #diyspecialist #graf #grafiberica #ottografgmbh #welcometotheteam #agua #water #aguadelluvia #accountingmanager #employee #rrhh #recursoshumanos #empleado #bienvenidaalequipo
"Thu, 08 Dec 2022 09:30:03 GMT","✨Hoy os presentamos a Mountasser, uno de nuestros miembros del equipo logístico. 😃¡En acción y siempre con una sonrisa! 

🌐https://bit.ly/3DNmCxZ
📩 info@grafiberica.com
📞 +34 972 91 37 67

#employee #team #graf #grafiberica #ottografgmbh #welcometotheteam #agua #water #aguadelluvia #accountingmanager #employee #rrhh #recursoshumanos #empleado #bienvenidaalequipo",#employee #team #graf #grafiberica #ottografgmbh #welcometotheteam #agua #water #aguadelluvia #accountingmanager #employee #rrhh #recursoshumanos #empleado #bienvenidaalequipo
"Wed, 07 Dec 2022 08:43:57 GMT","🎄Todo árbol tiene su estrella ¡Y Cris lo sabe!
✨¿Quieres ver como hemos puesto la nuestra en el árbol? ¡Abre nuestro calendario!😃​
🌐https://bit.ly/3DNmCxZ
📩 info@grafiberica.com
📞 +34 972 91 37 67
#navidad #christmas #ChristmasTree #graf #grafiberica #ottografgmbh #agua #water #aguadelluvia #sostenibilidad #sustainability #depósitos #depósitossoterrados #rain #rainwaterharvesting #carat #platin #grafproducts",#navidad #christmas #ChristmasTree #graf #grafiberica #ottografgmbh #agua #water #aguadelluvia #sostenibilidad #sustainability #depósitos #depósitossoterrados #rain #rainwaterharvesting #carat #platin #grafproducts
"Tue, 06 Dec 2022 09:30:04 GMT","✨¿El mejor equipo comercial? ¡En #GRAF Ibérica lo tenemos! 😃​Blanca, nuestra Key Account Manager de la zona centro, os ayudará en todos vuestros proyectos! 

🌐https://bit.ly/3DNmCxZ
📩 info@grafiberica.com
📞 +34 972 91 37 67

#equipo #keyaccountmanager #suds #drenajesostenible #productos #products #grafproducts #ecobloc #infiltración #arqueta #cubiertas #terreno #arquetamodular #agua #water #lluvia #aguadelluvia #rainwater #graf #ottografgmbh #team #morethanatem",#GRAF #equipo #keyaccountmanager #suds #drenajesostenible #productos #products #grafproducts #ecobloc #infiltración #arqueta #cubiertas #terreno #arquetamodular #agua #water #lluvia #aguadelluvia #rainwater #graf #ottografgmbh #team #morethanatem
"Mon, 05 Dec 2022 09:48:17 GMT","🎄¡El espíritu navideño ha llegado a las oficinas de #GRAF ibérica!
Y vosotros, ¿habéis decorado ya vuestras casas? 😍​

🌐https://bit.ly/3DNmCxZ
📩 info@grafiberica.com
📞 +34 972 91 37 67

#navidad #christmas #ChristmasTree #graf #grafiberica #ottografgmbh #agua #water #aguadelluvia #sostenibilidad #sustainability #depósitos #depósitossoterrados #rain #rainwaterharvesting #carat #platin #grafproducts",#GRAF #navidad #christmas #ChristmasTree #graf #grafiberica #ottografgmbh #agua #water #aguadelluvia #sostenibilidad #sustainability #depósitos #depósitossoterrados #rain #rainwaterharvesting #carat #platin #grafproducts
"Sun, 04 Dec 2022 08:53:28 GMT","✨Hoy presentamos a Aida, nuestra responsable de contabilidad.
Se ha incorporado este 2022 a GRAF.
¡Le deseamos muchos éxitos!

🌐https://graf.info/es-es/
📩 info@grafiberica.com
📞 +34 972 91 37 67

#employee #team #accounting #accountant #contabilidad #contable #graf #grafiberica #ottografgmbh #welcometotheteam #agua #water #aguadelluvia #accountingmanager #employee #rrhh #recursoshumanos #empleado #bienvenidaalequipo",#employee #team #accounting #accountant #contabilidad #contable #graf #grafiberica #ottografgmbh #welcometotheteam #agua #water #aguadelluvia #accountingmanager #employee #rrhh #recursoshumanos #empleado #bienvenidaalequipo
"Sat, 03 Dec 2022 09:08:08 GMT","😃El mes pasado, como parte de nuestra formación continua de producto, los trabajadores de #GRAF visitamos a nuestros clientes de #DIY para ver nuestro producto expuesto.

​👉Durante nuestra visita, nuestro Key Account Manager DIY David Valldosera, nos explicó:
✔️Las particularidades de cada producto
✔️Tipología de cliente de cada centro DIY
✔️Tipo actividad de los puntos de venta visitados

¿Quieres conocer más?
📩 info@grafiberica.com
📞 +34 972 91 37 67

#graf #grafiberica #ottografgmbh #producto #diy #employee #trabajadores #formación #agua #aguadelluvia #recursoshumanos #rrhh #formacióncontinua #employeebranding #hhrr #depositos #compostadoras #separadoresdegrasas #suds",#GRAF #DIY #graf #grafiberica #ottografgmbh #producto #diy #employee #trabajadores #formación #agua #aguadelluvia #recursoshumanos #rrhh #formacióncontinua #employeebranding #hhrr #depositos #compostadoras #separadoresdegrasas #suds
"Fri, 02 Dec 2022 09:06:17 GMT","😃​Hoy os presentamos a Bakary, uno de los cuatro miembros de nuestro equipo logístico! 
En esta ocasión, nos ha ayudado a redecorar nuestro espacio lúdico! 😍​

🌐https://bit.ly/3DNmCxZ
📩 info@grafiberica.com
📞 +34 972 91 37 67

#graf #ottografgmbh #lluvia #agua #recuperacionaguadelluvia #sostenibilidad #sustainability #depósitoexterior #jardín #compostadoras #tratamientoaguasresiduales #depósitosgasóleo #suds #drenajesostenible #ahorroagua #medioambiente #water #rain #calidad #reciclaje #solucionesunicas",#graf #ottografgmbh #lluvia #agua #recuperacionaguadelluvia #sostenibilidad #sustainability #depósitoexterior #jardín #compostadoras #tratamientoaguasresiduales #depósitosgasóleo #suds #drenajesostenible #ahorroagua #medioambiente #water #rain #calidad #reciclaje #solucionesunicas
"Thu, 01 Dec 2022 09:08:13 GMT","✨¡Empezamos nuestro calendario de adviento! 
😃​Síguenos cada día para descubrir más sobre #GRAF ibérica, nuestros trabajadores y el día a día. 

🌐https://bit.ly/3DNmCxZ
📩 info@grafiberica.com
📞 +34 972 91 37 67

#graf #ottografgmbh #lluvia #agua #recuperacionaguadelluvia #sostenibilidad #sustainability #depósitoexterior #jardín #compostadoras #tratamientoaguasresiduales #depósitosgasóleo #suds #drenajesostenible #ahorroagua #medioambiente #water #rain #calidad #reciclaje #solucionesunicas",#GRAF #graf #ottografgmbh #lluvia #agua #recuperacionaguadelluvia #sostenibilidad #sustainability #depósitoexterior #jardín #compostadoras #tratamientoaguasresiduales #depósitosgasóleo #suds #drenajesostenible #ahorroagua #medioambiente #water #rain #calidad #reciclaje #solucionesunicas
"Tue, 29 Nov 2022 09:48:52 GMT","🌍Sabías que dentro de cada depósito de recuperación de agua de lluvia hay un filtro interno? 

🌦️Forman parte de nuestro catálogo o están incluidos en nuestros packs de recuperación de agua de lluvia. 

Con los filtros internos, nuestros clientes podrán:
✔️Acceder al filtro desde la cubierta del depósito
✔️Filtrar el agua correctamente en el depósito

¿Quieres saber más?
🌐https://graf.info/es-es/
📩 info@grafiberica.com
📞 +34 972 91 37 67

#graf #grafiberica #ottografgmbh #agua #aguadelluvia #recuperaciónaguadelluvia #depósitosoterrado #sostenibilidad #sustainability #consumo #consumoresponsable #carat #depósitocarat #environment #medioambiente #water #rain #garden #house #savewater",#graf #grafiberica #ottografgmbh #agua #aguadelluvia #recuperaciónaguadelluvia #depósitosoterrado #sostenibilidad #sustainability #consumo #consumoresponsable #carat #depósitocarat #environment #medioambiente #water #rain #garden #house #savewater
"Thu, 24 Nov 2022 11:18:11 GMT","😃Tener un buen equipo de proyecto es esencial. 

En el primer post de nuestro blog, entrevistamos a Manuel Kromer, jefe de equipos de proyecto en Otto GRAF GmbH. 
👉Quieres saber qué nos contó?
¡Descúbrelo en nuestro blog! 

🌐https://graf.info/es-es/
📩 info@grafiberica.com
📞 +34 972 91 37 67

#graf #grafiberica #ottografgmbh #agua #aguadelluvia #recuperaciónaguadelluvia #depósitosoterrado #sostenibilidad #sustainability #consumo #consumoresponsable #carat #depósitocarat #environment #medioambiente #water #rain #garden #house #savewater #proyectos #equipodeproyecto",#graf #grafiberica #ottografgmbh #agua #aguadelluvia #recuperaciónaguadelluvia #depósitosoterrado #sostenibilidad #sustainability #consumo #consumoresponsable #carat #depósitocarat #environment #medioambiente #water #rain #garden #house #savewater #proyectos #equipodeproyecto
"Tue, 22 Nov 2022 08:53:54 GMT","✨En GRAF, vendemos depósitos de todo tipo de tamaños. 

😃 En este caso, un depósito soterrado Carat XXL de 16.000 litros, para una vivienda unifamiliar en Riudellots de la Selva. 

¿En qué va a beneficiar instalar un depósito de recuperación de agua de lluvia en esta vivienda?
✔️Ahorro considerable en la factura del agua
✔️Promover la sostenibilidad
✔️Tener un consumo responsable

👉Quieres más información de nuestros depósitos soterrados?
https://bit.ly/3AvNlgr
 
🌐https://graf.info/es-es/
📩 info@grafiberica.com
📞 +34 972 91 37 67 

#graf #grafiberica #ottografgmbh #agua #aguadelluvia #recuperaciónaguadelluvia #depósitosoterrado #sostenibilidad #sustainability #consumo #consumoresponsable #carat #depósitocarat #environment #medioambiente #water #rain #garden #house #savewater",#graf #grafiberica #ottografgmbh #agua #aguadelluvia #recuperaciónaguadelluvia #depósitosoterrado #sostenibilidad #sustainability #consumo #consumoresponsable #carat #depósitocarat #environment #medioambiente #water #rain #garden #house #savewater
"Thu, 17 Nov 2022 16:29:24 GMT","💧El agua es un recurso limitado y escaso. Tenemos que ser cuidar su consumo. 
😃Y tú, ¿qué haces para ahorrar agua?

En GRAF, disponemos de una gran variedad de soluciones para aprovechar el agua de lluvia que te permitirán:
✔️Ahorrar en tu factura del agua
✔️Cuidar el medio ambiente

¿A qué esperas para descubrirlas?
Entra ya en nuestra web

🌐https://graf.info/es-es/
📩 info@grafiberica.com
📞 +34 972 91 37 67

#graf #sostenibilidad #sustainability #medioambiente #environment #agua #aguadelluvia #cambioclimatico #climatechange #rain #water #business #sustainablebusiness #ottografgmbh #empresasostenible #reciclaje #recycling #recicledproducts #productosreciclados #depositos #diy",#graf #sostenibilidad #sustainability #medioambiente #environment #agua #aguadelluvia #cambioclimatico #climatechange #rain #water #business #sustainablebusiness #ottografgmbh #empresasostenible #reciclaje #recycling #recicledproducts #productosreciclados #depositos #diy
"Tue, 15 Nov 2022 10:41:30 GMT","🌍¿Conoces lo que llueve anualmente en tu provincia? A continuación, te presentamos el mapa de pluviometría de la península ibérica. 

🌧️¿Por qué recuperar el agua de lluvia?
✔️Para el uso doméstico (ducha, lavadora)
✔️Regar el jardín
✔️Para la piscina

¿Empieza ya con nosotros! 
👉 https://bit.ly/3AezP0k 

🌐https://graf.info/es-es/
📩 info@grafiberica.com
📞 +34 972 91 37 67

#agua #aguadelluvia #sequía #provincia #pluviometría #graf #grafiberica #recuperaaguadelluvia #lluvia #solucionessostenibles #tratemoselagua #ahorraagua #tormenta #jardín #casa #usodomestico #depositosoterrado #tormenta #ahorro #casa #depositoexterior",#agua #aguadelluvia #sequía #provincia #pluviometría #graf #grafiberica #recuperaaguadelluvia #lluvia #solucionessostenibles #tratemoselagua #ahorraagua #tormenta #jardín #casa #usodomestico #depositosoterrado #tormenta #ahorro #casa #depositoexterior
"Thu, 10 Nov 2022 09:27:46 GMT","😃 ¿Quieres instalar un depósito Platin en casa y tienes dudas?
👉En este post te resolvemos algunas que pueden ir surgiendo.
¿Tienes más? Pregúntanos. ¡Te leemos! 

Instalar un depósito de recuperación de agua de lluvia en casa te va a ayudar a:
✔️Ahorrar en la factura del agua
✔️Tener una solución sostenible para recuperar agua de lluvia en tu casa

🌐https://graf.info/es-es/
📩 info@grafiberica.com
📞 +34 972 91 37 67

#graf #grafiberica #depósitosoterrado #depósitoexterior #lluvia #agua #aguapotable #ahorro #casa #jardín #obra #aguapotable #sostenibilidad #reciclaje #solucionessostenibles #construcción #tratemoselagua #recuperaaguadelluvia #ahorroagua #tormenta #cocina #usoalimentario #alimentación #healthy #healthyfood",#graf #grafiberica #depósitosoterrado #depósitoexterior #lluvia #agua #aguapotable #ahorro #casa #jardín #obra #aguapotable #sostenibilidad #reciclaje #solucionessostenibles #construcción #tratemoselagua #recuperaaguadelluvia #ahorroagua #tormenta #cocina #usoalimentario #alimentación #healthy #healthyfood
"Tue, 08 Nov 2022 12:03:40 GMT","🌷En GRAF tenemos jardineras de todo tipo de tamaños, adaptadas a cualquier jardín.

👉La jardinera Ergo, está disponible con extensiones. 

¿Por qué comprar una jardinera ERGO?
✔️Resistente a UV
✔️Fabricado en PP
✔️Con kit de paneles y conectores 

🏡¡Empieza ya a descubrir nuestros productos de jardín y descubre cómo pueden ayudar a decorar tu casa! 

Contacta con nosotros
🌐https://graf.info/es-es/
📩 info@grafiberica.com
📞 +34 972 91 37 67

#graf #ottografgmbh #lluvia #agua #recuperacionaguadelluvia #sostenibilidad #sustainability #depósitoexterior #jardín #compostadoras #tratamientoaguasresiduales #depósitosgasóleo #suds #drenajesostenible #ahorroagua #medioambiente #water #rain #calidad #reciclaje #solucionesunicas",#graf #ottografgmbh #lluvia #agua #recuperacionaguadelluvia #sostenibilidad #sustainability #depósitoexterior #jardín #compostadoras #tratamientoaguasresiduales #depósitosgasóleo #suds #drenajesostenible #ahorroagua #medioambiente #water #rain #calidad #reciclaje #solucionesunicas
"Thu, 03 Nov 2022 09:50:25 GMT","🌍En GRAF, trabajamos con productos sostenibles. Además, toda nuestra operativa gira entorno a la sostenibilidad. 🍂

¿Cómo lo logramos? 
✔️Logística optimizada
✔️Alto contenido de material reciclado en nuestros productos
✔️Producción energéticamente eficiente

Bajo todos estos logros, ayudamos a nuestros clientes a:
✔️Proteger el agua
✔️Proteger en contra inundaciones
✔️Proteger los niveles freáticos
✔️Ahorrar agua potable

😃¿Quieres conocer más?
https://bit.ly/3sSSvi7 

Contacta con nosotros
🌐https://graf.info/es-es/
📩 info@grafiberica.com
📞 +34 972 91 37 67

#graf #grafiberica #ottografgmbh #sostenibilidad #sustainability #corporatesustainability #environment #medioambiente #ahorroagua #nivelesfreáticos #infiltración #protecciondelagua #agua #water #spain #aguasresiduales #cosecha #eficienciaenergetica #materialreciclado #logisticaoptimizada",#graf #grafiberica #ottografgmbh #sostenibilidad #sustainability #corporatesustainability #environment #medioambiente #ahorroagua #nivelesfreáticos #infiltración #protecciondelagua #agua #water #spain #aguasresiduales #cosecha #eficienciaenergetica #materialreciclado #logisticaoptimizada
"Tue, 01 Nov 2022 11:05:32 GMT","✨En GRAF, vendemos depuradoras de todo tipo de tamaños. 

😃En este caso, una depuradora Klaro de 46HE. Además, cuenta con el módulo +C, adición de Carbono, para épocas de baja ocupación. 
¿Qué propiedades tiene esta depuradora?

✔️Bajo consumo energético
✔️4 ciclos de depuración al día
✔️Toma de muestras integrada y accesible a través de cubierta

👉Quieres más información de nuestras depuradoras?
https://bit.ly/3zuKP9Q 
🌐https://bit.ly/3DNmCxZ
📩 info@grafiberica.com
📞 +34 972 91 37 67

#portugal #agua #aguasresiduales #portugal #depuradora #tratamientodeaguasresiduales #grafiberica #lluvia #casa #hotel #grafiberica #sotenibilidad #sustainability #fosafiltro #fosaseptica #depuradoras #environment #obra #water",#portugal #agua #aguasresiduales #portugal #depuradora #tratamientodeaguasresiduales #grafiberica #lluvia #casa #hotel #grafiberica #sotenibilidad #sustainability #fosafiltro #fosaseptica #depuradoras #environment #obra #water
"Thu, 27 Oct 2022 09:38:52 GMT","🌍En #GRAF trabajamos con productos sostenibles, está en nuestro ADN.

¿Quieres saber cómo lo hacemos?
✔️El 70% de los productos se elaboran con materiales reutilizados procesados por GRAF
✔️Nuestros productos son 100% reciclables. 
✔️Ahorramos más de 100.000 toneladas de CO2 al año. 

¿Quieres conocer más sobre los productos GRAF y la sostenibilidad? 
👉https://bit.ly/3WaSXFV 

Contacta con nosotros
🌐https://graf.info/es-es/
📩 info@grafiberica.com
📞 +34 972 91 37 67

#graf #sostenibilidad #sustainability #medioambiente #environment #agua #aguadelluvia #cambioclimatico #climatechange #rain #water #business #sustainablebusiness #ottografgmbh #empresasostenible #reciclaje #recycling #recicledproducts #productosreciclados #depositos #diy",#GRAF #graf #sostenibilidad #sustainability #medioambiente #environment #agua #aguadelluvia #cambioclimatico #climatechange #rain #water #business #sustainablebusiness #ottografgmbh #empresasostenible #reciclaje #recycling #recicledproducts #productosreciclados #depositos #diy
"Tue, 25 Oct 2022 09:04:21 GMT","😃 En GRAF IBÉRICA disponemos de STOCK PERMANENTE para dar mejor servicio a nuestros clientes.

👉De esta forma, garantizamos mayor agilidad en la entrega de pedidos.

¿Quieres una solución para la gestión del agua?

Contacta con nosotros
🌐https://graf.info/es-es/
📩 info@grafiberica.com
📞 +34 972 91 37 67
 
#graf #grafiberica #lluvia #aguadelluvia #agua #recuperaciónaguadelluvia #recuperaaguadelluvia #aguasresiduales #depósitos #depósitossoterrados #depósitosexteriores #sostenibilidad #reciclaje #reutiliza #solucionessostenibles #ahorro #tratemoselagua",#graf #grafiberica #lluvia #aguadelluvia #agua #recuperaciónaguadelluvia #recuperaaguadelluvia #aguasresiduales #depósitos #depósitossoterrados #depósitosexteriores #sostenibilidad #reciclaje #reutiliza #solucionessostenibles #ahorro #tratemoselagua
"Thu, 20 Oct 2022 06:48:30 GMT","😃 Sabías que en #GRAF disponemos de depósitos soterrados de agua potable? 
💧Desde 1.500L hasta 52.000L y disponibles en nuestros dos modelos, Platin y Carat, dependiendo de las necesidades de cada cliente. 
Con la posibilidad de hacer conexiones entre depósitos, los depósitos de agua potable de GRAF:
✔️Aptos para uso alimentario
✔️Fáciles de limpiar
✔️Estables ante la presencia de aguas freáticas
✔️Rápidos de instalar

¿Quieres saber más?
👉https://bit.ly/3CDh9Ic 

🌐https://graf.info/es-es/
📩 info@grafiberica.com
📞 +34 972 91 37 67

#graf #grafiberica #depósitosoterrado #depósitoexterior #lluvia #agua #aguapotable #ahorro #casa #jardín #obra #aguapotable #sostenibilidad #reciclaje #solucionessostenibles #construcción #tratemoselagua #recuperaaguadelluvia #ahorroagua #tormenta #cocina #usoalimentario #alimentación #healthy #healthyfood",#GRAF #graf #grafiberica #depósitosoterrado #depósitoexterior #lluvia #agua #aguapotable #ahorro #casa #jardín #obra #aguapotable #sostenibilidad #reciclaje #solucionessostenibles #construcción #tratemoselagua #recuperaaguadelluvia #ahorroagua #tormenta #cocina #usoalimentario #alimentación #healthy #healthyfood
"Tue, 18 Oct 2022 09:49:11 GMT","✨En GRAF, vendemos depósitos de todo tipo de tamaños. 

😃En este caso, un depósito soterrado Carat XXL de 52.000l de capacidad. 
¿En qué beneficia instalar un depósito soterrado GRAF?

✔️Ahorro considerable en tu factura del agua
✔️Transitable por camiones de hasta 40 toneladas
✔️Estabilidad frente a aguas subterráneas

👉Quieres más información del proyecto?
https://bit.ly/3TcgYuy 
🌐https://graf.info/es-es/
📩 info@grafiberica.com
📞 +34 972 91 37 67

#santcugat #santcugatdelvalles #aguadelluvia #deposito #depositosoterrado #caratxxl #graf #grafiberica #lluvia #instalación #solucionessostenibles #medioambiente #environment #sostenibilidad #sustainability #inundación #casa #piscina #obra #agua #water",#santcugat #santcugatdelvalles #aguadelluvia #deposito #depositosoterrado #caratxxl #graf #grafiberica #lluvia #instalación #solucionessostenibles #medioambiente #environment #sostenibilidad #sustainability #inundación #casa #piscina #obra #agua #water
"Thu, 13 Oct 2022 10:54:29 GMT","🏡¿Conoces en qué gastas la mayoría del agua que consumes en casa?

😃Seguramente lo desconozcas, a continuación, te especificamos a qué dedicas el consumo de agua potable diariamente. 
✔️Cadena del baño- 50L
✔️Lavar la ropa- 20L
✔️Riego del jardín- 14L
✔️Limpieza- 6L
✔️Baño/ducha- 50L
✔️Lavar los platos- 10L
✔️Higiene personal- 10L 
👉¿Quieres saber más? 
🌐www.graf.info/es-es/
📩 info@grafiberica.com
📞 +34 972 91 37 67

#graf #grafiberica #depósitosoterrado #depósitoexterior #lluvia #agua #aguadelluvia #ahorro #casa #jardín #obra #aguapotable #sostenibilidad #reciclaje #solucionessostenibles #construcción #tratemoselagua #recuperaaguadelluvia #ahorroagua #tormgrafaustrgrafaustrgrafaustrgrafaustrgrafaustrgrafaustrgrafaustrgrafaustralia",#graf #grafiberica #depósitosoterrado #depósitoexterior #lluvia #agua #aguadelluvia #ahorro #casa #jardín #obra #aguapotable #sostenibilidad #reciclaje #solucionessostenibles #construcción #tratemoselagua #recuperaaguadelluvia #ahorroagua #tormgrafaustrgrafaustrgrafaustrgrafaustrgrafaustrgrafaustrgrafaustrgrafaustralia
"Tue, 11 Oct 2022 10:23:59 GMT","🏡¿Sabías que con el agua de lluvia puedes hacer multitud de cosas en tu hogar? 

Desde limpiar, regar el jardín, lavar la ropa, ducharte… ¡El agua de lluvia se puede aprovechar para muchas cosas! 

💧En GRAF Ibérica vamos a ayudarte a descubrirlas y sacar provecho de ello con nuestros productos.

😃En GRAF, cada día trabajamos para una gestión más sostenible del agua. 
¿Quieres más información? 

👉https://www.graf.info/es-es/depositos-soterrados/como-recuperar-agua-de-lluvia.html 

🌐www.graf.info/es-es/
📩 info@grafiberica.com
📞 +34 972 91 37 67

#graf #grafiberica #depósitosoterrado #depósitoexterior #lluvia #agua #aguadelluvia #ahorro #casa #jardín #obra #aguapotable #sostenibilidad #reciclaje #solucionessostenibles #construcción #tratemoselagua #recuperaaguadelluvia #ahorroagua #tormenta",#graf #grafiberica #depósitosoterrado #depósitoexterior #lluvia #agua #aguadelluvia #ahorro #casa #jardín #obra #aguapotable #sostenibilidad #reciclaje #solucionessostenibles #construcción #tratemoselagua #recuperaaguadelluvia #ahorroagua #tormenta
"Thu, 06 Oct 2022 08:20:44 GMT","😃 En GRAF, disponemos de una gran variedad de depósitos soterrados para todo tipo de necesidades. 
🏘️¿Quieres instalar uno en tu hogar?
¡Es muy fácil! 

Los depósitos PLATIN de GRAF son:
✔️Poco profundos y ligeros
✔️Ideales para terrenos difíciles
✔️De fácil acceso
✔️Con cubierta 100% ajustable

¿Qué beneficios me va a aportar tener un depósito PLATIN en casa?
✔️Tendrás agua con solo abrir el grifo
✔️Sólo una tapa visible en la superficie
✔️Solución económica (ahorrarás en tu factura del agua) 

🌐https://grafiberica.com 
📩 info@grafiberica.com
📞 +34 972 91 37 67

#aguadelluvia #lluvia #agua #rain #water #graf #grafiberica #tormenta #stormwater #jardín #casa #sostenibilidad #medioambiente #sustainability #ahorro #ahorroagua #aguadelluvia #watermanagement #recuperaaguadelluvia #depósitoexterior #casa #jardín #obra",#aguadelluvia #lluvia #agua #rain #water #graf #grafiberica #tormenta #stormwater #jardín #casa #sostenibilidad #medioambiente #sustainability #ahorro #ahorroagua #aguadelluvia #watermanagement #recuperaaguadelluvia #depósitoexterior #casa #jardín #obra
"Tue, 04 Oct 2022 10:00:15 GMT","✨En GRAF, tenemos experiencia en obras de todo tipo de tamaños. 

😃En este caso, instalamos cuatro depósitos de infiltración en el Parque Olímpico de Madrid- Estadio Wanda Metropolitano, con una capacidad de almacenamiento de 500m³. 

¿En qué beneficia instalar los SUDS de GRAF en el terreno?
✔️Ayudan a conservar el ciclo natural del agua
✔️Contribuye a la prevención de inundaciones
✔️Minimiza la carga hidráulica en el alcantarillado durante las lluvias

👉 Quieres más información?
https://bit.ly/3M3mdcY 

🌐https://bit.ly/3rmU5Z4
📩 info@grafiberica.com
📞 +34 972 91 37 67

#madrid #parqueolimpicomadrid #fútbol #suds #drenajesostenible #atletico #atleticodemadrid #graf #lluvia #inundación #obra #infiltración #aguadelluvia #atleti #impermeabilización #cargahidráulica #alcantarillado #solucionessostenibbles #medioambiente #sostenibilidad #sustainability #environment",#madrid #parqueolimpicomadrid #fútbol #suds #drenajesostenible #atletico #atleticodemadrid #graf #lluvia #inundación #obra #infiltración #aguadelluvia #atleti #impermeabilización #cargahidráulica #alcantarillado #solucionessostenibbles #medioambiente #sostenibilidad #sustainability #environment
"Thu, 29 Sep 2022 09:35:30 GMT","🌍¿Conoces nuestra solución de SUDS? Son ideales para el drenaje sostenible. 

💧La infiltración de agua de lluvia en origen ofrece ventajas considerables respecto a los sistemas que combinan aguas pluviales y residuales.
 
¿Qué beneficios ofrece tener un sistema de SUDS en mi propiedad?

✔️Contribuye a la prevención de inundaciones
✔️Minimiza la carga hidráulica en el sistema de alcantarillado durante las lluvias
✔️Es un sistema de gestión de aguas pluviales sostenible y respetuoso con el medio ambiente. 

👉 Quieres más información? 
https://bit.ly/2TmLXWh

🌐www.grafiberica.com
📩 info@grafiberica.com
📞 +34 972 91 37 67

#graf #grafiberica #drenajesostenible #suds #lluvia #agua #aguadelluvia #ahorro #casa #jardín #obra #aguapotable #sostenibilidad #reciclaje #solucionessostenibles #construcción #tratemoselagua #recuperaaguadelluvia#ahorroagua #tormenta #inundación #infiltración #impermeabilidad #drenajesostenible",#graf #grafiberica #drenajesostenible #suds #lluvia #agua #aguadelluvia #ahorro #casa #jardín #obra #aguapotable #sostenibilidad #reciclaje #solucionessostenibles #construcción #tratemoselagua #recuperaaguadelluvia #ahorroagua #tormenta #inundación #infiltración #impermeabilidad #drenajesostenible
"Tue, 27 Sep 2022 10:50:58 GMT","En GRAF, disponemos de una gran gama de depósitos de gasóleo y separadores. Para uso particular o empresarial. 

✔️Depósitos de gasóleo 
✔️Separadores de grasas
✔️Separadores de hidrocarburos
✔️Accesorios para todos los productos

😃Sabes que hacer la instalación es muy fácil? Tienen un peso reducido y se pueden instalar sin maquinaria, facilitando así el transporte y la manipulación. 

🌍Los separadores de GRAF, acumularán las grasas e hidrocarburos del agua en su interior. El agua, saldrá tratada sin todo el residuo, que se va a quedar en el depósito.

¿Quieres una solución igual? Contacta con nosotros. 

🌐www.grafiberica.com
📩 info@grafiberica.com
📞 +34 972 91 37 67

#depósito #gasóleo #gasolina #depósitogasóleo #depósitogasolina #fuel #graf #grafiberica #separadores #separadoresdegrasas #separadoresdehidrocarburos #agua #aguapotable #tormenta #4rain #garantia #casa #empresa #aguapotable #medioambiente #sustainability",#depósito #gasóleo #gasolina #depósitogasóleo #depósitogasolina #fuel #graf #grafiberica #separadores #separadoresdegrasas #separadoresdehidrocarburos #agua #aguapotable #tormenta #4rain #garantia #casa #empresa #aguapotable #medioambiente #sustainability
"Thu, 22 Sep 2022 11:28:19 GMT","💧En GRAF, disponemos de una gran gama de productos para el tratamiento de aguas residuales. 

✔️Depuradoras
✔️Fosas filtro
✔️Fosas sépticas
✔️Accesorios para todos los productos

😃Sabes por qué es importante tratar las aguas residuales? 

🌍Tratarlas, permite un mayor acceso al agua potable a toda la población. Además, tratar el agua, permite evitar problemas de salud, siendo un mayor beneficio para las personas. A parte, reduce los costes de energía y los niveles de contaminación. 🍂 

¿Quieres conocer toda nuestra gama para el tratamiento de aguas residuales?

🌐www.grafiberica.com
📩 info@grafiberica.com
📞 +34 972 91 37 67

#agua #water #aguasresiduales #depuradoras #fosafiltro #fosaseptica #medioambiente #sostenibilidad #sustainability #ciclodelagua #ahorro #casa #jardin #garden #aguapotable #tratemoselagua #recuperaaguadelluvia #tormenta #fosa #graf #grafiberica #garantia #4rain #sequía",#agua #water #aguasresiduales #depuradoras #fosafiltro #fosaseptica #medioambiente #sostenibilidad #sustainability #ciclodelagua #ahorro #casa #jardin #garden #aguapotable #tratemoselagua #recuperaaguadelluvia #tormenta #fosa #graf #grafiberica #garantia #4rain #sequía
"Tue, 20 Sep 2022 11:35:37 GMT","🏡En GRAF Ibérica disponemos de una gran gama de productos para el jardín y compostadoras. 🌷

🍓Huerto urbano ¡Haz tus cultivos en casa!
🌹Jardineras de varios tamaños y formatos
🥦Túneles y campanas de cultivo
🏘️Compostadoras para hacer tu propio compostaje en casa

¿Quieres saber más? 
Visita nuestra página web y saca partido a tu jardín con los productos GRAF.

👉www.grafiberica.com

#graf #ottografgmbh #lluvia #agua #recuperacionaguadelluvia #sostenibilidad #sustainability #depósitoexterior #jardín #compostadoras #tratamientoaguasresiduales #depósitosgasóleo #suds #drenajesostenible #ahorroagua #medioambiente #water #rain #calidad #reciclaje #solucionesunicas",#graf #ottografgmbh #lluvia #agua #recuperacionaguadelluvia #sostenibilidad #sustainability #depósitoexterior #jardín #compostadoras #tratamientoaguasresiduales #depósitosgasóleo #suds #drenajesostenible #ahorroagua #medioambiente #water #rain #calidad #reciclaje #solucionesunicas
"Thu, 15 Sep 2022 10:28:47 GMT","🌨️El agua de lluvia, un recurso natural y gratuito.

¿Quieres sacarle partido, o la dejas escapar? ✨ 

La gama de productos para recuperación del agua de lluvia de GRAF, es la solución definitiva al ahorro de hasta un 50% del agua potable en casa. 

🏡¿Qué cantidades puedo sustituir por agua de lluvia en mi hogar?
✔️Uso de la cisterna (46l por persona)
✔️Lavado de ropa (15l por persona)
✔️Riego del jardín (11l por persona)
✔️Lavar el coche (3l por persona)

Quieres saber más sobre esta gama de productos? 
👉https://bit.ly/2Wpq3ql 

🌐www.grafiberica.com
📩 info@grafiberica.com
📞 +34 972 91 37 67

#graf #grafiberica #depósitosoterrado #depósitoexterior #lluvia #agua #aguadelluvia #ahorro #casa #jardín #obra #aguapotable #sostenibilidad #reciclaje #solucionessostenibles #construcción #tratemoselagua #recuperaaguadelluvia #ahorroagua #tormenta",#graf #grafiberica #depósitosoterrado #depósitoexterior #lluvia #agua #aguadelluvia #ahorro #casa #jardín #obra #aguapotable #sostenibilidad #reciclaje #solucionessostenibles #construcción #tratemoselagua #recuperaaguadelluvia #ahorroagua #tormenta
"Tue, 13 Sep 2022 12:06:47 GMT","💧En GRAF Ibérica disponemos de una gran gama de depósitos soterrados, desarrollados para la recuperación y el aprovechamiento del agua pluvial. 🏡 

La solución definitiva para ahorrar hasta un 40% en la factura del agua. 

¿Cuáles son las características de un depósito soterrado GRAF? 

✔️Posibilidad de cubierta telescópica para paso de turismos. 
✔️Alta estabilidad, incluso con niveles elevados de aguas freáticas. 
✔️Cúpula giratoria y cubierta telescópica para facilitar la instalación. 
✔️Hechos con materiales reciclados y 100% reciclables. 

¿Quiere saber más sobre nuestra gama de productos?

https://www.grafiberica.com/depositos-soterrados.html 

🌐www.grafiberica.com 
📩 info@grafiberica.com
📞 +34 972 91 37 67

#graf #grafiberica #depósitosoterrado #depósitoexterior #lluvia #agua #aguadelluvia #ahorro #casa #jardín #obra #aguapotable #sostenibilidad #reciclaje #solucionessostenibles #construcción #tratemoselagua #recuperaaguadelluvia #ahorroagua #tormenta",#graf #grafiberica #depósitosoterrado #depósitoexterior #lluvia #agua #aguadelluvia #ahorro #casa #jardín #obra #aguapotable #sostenibilidad #reciclaje #solucionessostenibles #construcción #tratemoselagua #recuperaaguadelluvia #ahorroagua #tormenta
